Sexo,Número de delitos,Nacionalidad,Periodo,Total
Total,Total,Total,2023,280.322
Total,Total,Total,2022,308.624
Total,Total,Total,2021,282.21
Total,Total,Total,2020,221.437
Total,Total,Total,2019,286.931
Total,Total,Total,2018,286.637
Total,Total,Total,2017,285.336
Total,Total,Total,2016,271.526
Total,Total,Total,2015,222.862
Total,Total,Total,2014,218.827
Total,Total,Total,2013,219.776
Total,Total,Española,2023,202.606
Total,Total,Española,2022,230.291
Total,Total,Española,2021,212.259
Total,Total,Española,2020,165.928
Total,Total,Española,2019,215.287
Total,Total,Española,2018,218.695
Total,Total,Española,2017,220.562
Total,Total,Española,2016,208.564
Total,Total,Española,2015,170.818
Total,Total,Española,2014,166.755
Total,Total,Española,2013,164.789
Total,Total,País de la UE28 sin España,2023,
Total,Total,País de la UE28 sin España,2022,
Total,Total,País de la UE28 sin España,2021,
Total,Total,País de la UE28 sin España,2020,
Total,Total,País de la UE28 sin España,2019,22.093
Total,Total,País de la UE28 sin España,2018,22.218
Total,Total,País de la UE28 sin España,2017,21.344
Total,Total,País de la UE28 sin España,2016,21.242
Total,Total,País de la UE28 sin España,2015,17.099
Total,Total,País de la UE28 sin España,2014,16.689
Total,Total,País de la UE28 sin España,2013,17.048
Total,Total,País de la UE27_2020 sin España,2023,17.003
Total,Total,País de la UE27_2020 sin España,2022,18.49
Total,Total,País de la UE27_2020 sin España,2021,17.401
Total,Total,País de la UE27_2020 sin España,2020,14.519
Total,Total,País de la UE27_2020 sin España,2019,
Total,Total,País de la UE27_2020 sin España,2018,
Total,Total,País de la UE27_2020 sin España,2017,
Total,Total,País de la UE27_2020 sin España,2016,
Total,Total,País de la UE27_2020 sin España,2015,
Total,Total,País de la UE27_2020 sin España,2014,
Total,Total,País de la UE27_2020 sin España,2013,
Total,Total,País de Europa menos UE28,2023,
Total,Total,País de Europa menos UE28,2022,
Total,Total,País de Europa menos UE28,2021,
Total,Total,País de Europa menos UE28,2020,
Total,Total,País de Europa menos UE28,2019,4.524
Total,Total,País de Europa menos UE28,2018,3.756
Total,Total,País de Europa menos UE28,2017,3.353
Total,Total,País de Europa menos UE28,2016,2.957
Total,Total,País de Europa menos UE28,2015,2.251
Total,Total,País de Europa menos UE28,2014,1.96
Total,Total,País de Europa menos UE28,2013,1.707
Total,Total,País de Europa menos UE27_2020,2023,5.835
Total,Total,País de Europa menos UE27_2020,2022,5.858
Total,Total,País de Europa menos UE27_2020,2021,5.417
Total,Total,País de Europa menos UE27_2020,2020,4.4
Total,Total,País de Europa menos UE27_2020,2019,
Total,Total,País de Europa menos UE27_2020,2018,
Total,Total,País de Europa menos UE27_2020,2017,
Total,Total,País de Europa menos UE27_2020,2016,
Total,Total,País de Europa menos UE27_2020,2015,
Total,Total,País de Europa menos UE27_2020,2014,
Total,Total,País de Europa menos UE27_2020,2013,
Total,Total,De Africa,2023,23.65
Total,Total,De Africa,2022,23.996
Total,Total,De Africa,2021,21.008
Total,Total,De Africa,2020,16.296
Total,Total,De Africa,2019,20.498
Total,Total,De Africa,2018,19.074
Total,Total,De Africa,2017,18.259
Total,Total,De Africa,2016,17.44
Total,Total,De Africa,2015,14.273
Total,Total,De Africa,2014,14.222
Total,Total,De Africa,2013,14.823
Total,Total,De América,2023,28.745
Total,Total,De América,2022,27.373
Total,Total,De América,2021,23.695
Total,Total,De América,2020,18.43
Total,Total,De América,2019,21.779
Total,Total,De América,2018,20.291
Total,Total,De América,2017,19.357
Total,Total,De América,2016,18.958
Total,Total,De América,2015,16.586
Total,Total,De América,2014,17.42
Total,Total,De América,2013,19.347
Total,Total,De Asia,2023,2.457
Total,Total,De Asia,2022,2.599
Total,Total,De Asia,2021,2.418
Total,Total,De Asia,2020,1.849
Total,Total,De Asia,2019,2.719
Total,Total,De Asia,2018,2.579
Total,Total,De Asia,2017,2.438
Total,Total,De Asia,2016,2.329
Total,Total,De Asia,2015,1.814
Total,Total,De Asia,2014,1.76
Total,Total,De Asia,2013,1.819
Total,Total,De Oceanía,2023,26.0
Total,Total,De Oceanía,2022,17.0
Total,Total,De Oceanía,2021,12.0
Total,Total,De Oceanía,2020,15.0
Total,Total,De Oceanía,2019,31.0
Total,Total,De Oceanía,2018,24.0
Total,Total,De Oceanía,2017,23.0
Total,Total,De Oceanía,2016,36.0
Total,Total,De Oceanía,2015,21.0
Total,Total,De Oceanía,2014,21.0
Total,Total,De Oceanía,2013,243.0
Total,Condenados con un delito,Total,2023,209.828
Total,Condenados con un delito,Total,2022,238.089
Total,Condenados con un delito,Total,2021,210.537
Total,Condenados con un delito,Total,2020,168.969
Total,Condenados con un delito,Total,2019,217.637
Total,Condenados con un delito,Total,2018,220.284
Total,Condenados con un delito,Total,2017,222.082
Total,Condenados con un delito,Total,2016,214.76
Total,Condenados con un delito,Total,2015,179.027
Total,Condenados con un delito,Total,2014,178.436
Total,Condenados con un delito,Total,2013,181.435
Total,Condenados con un delito,Española,2023,151.871
Total,Condenados con un delito,Española,2022,178.739
Total,Condenados con un delito,Española,2021,158.702
Total,Condenados con un delito,Española,2020,127.079
Total,Condenados con un delito,Española,2019,163.555
Total,Condenados con un delito,Española,2018,168.602
Total,Condenados con un delito,Española,2017,172.062
Total,Condenados con un delito,Española,2016,165.12
Total,Condenados con un delito,Española,2015,137.297
Total,Condenados con un delito,Española,2014,135.606
Total,Condenados con un delito,Española,2013,135.728
Total,Condenados con un delito,País de la UE28 sin España,2023,
Total,Condenados con un delito,País de la UE28 sin España,2022,
Total,Condenados con un delito,País de la UE28 sin España,2021,
Total,Condenados con un delito,País de la UE28 sin España,2020,
Total,Condenados con un delito,País de la UE28 sin España,2019,16.714
Total,Condenados con un delito,País de la UE28 sin España,2018,16.754
Total,Condenados con un delito,País de la UE28 sin España,2017,16.352
Total,Condenados con un delito,País de la UE28 sin España,2016,16.703
Total,Condenados con un delito,País de la UE28 sin España,2015,13.823
Total,Condenados con un delito,País de la UE28 sin España,2014,13.807
Total,Condenados con un delito,País de la UE28 sin España,2013,14.18
Total,Condenados con un delito,País de la UE27_2020 sin España,2023,12.999
Total,Condenados con un delito,País de la UE27_2020 sin España,2022,14.392
Total,Condenados con un delito,País de la UE27_2020 sin España,2021,13.174
Total,Condenados con un delito,País de la UE27_2020 sin España,2020,11.152
Total,Condenados con un delito,País de la UE27_2020 sin España,2019,
Total,Condenados con un delito,País de la UE27_2020 sin España,2018,
Total,Condenados con un delito,País de la UE27_2020 sin España,2017,
Total,Condenados con un delito,País de la UE27_2020 sin España,2016,
Total,Condenados con un delito,País de la UE27_2020 sin España,2015,
Total,Condenados con un delito,País de la UE27_2020 sin España,2014,
Total,Condenados con un delito,País de la UE27_2020 sin España,2013,
Total,Condenados con un delito,País de Europa menos UE28,2023,
Total,Condenados con un delito,País de Europa menos UE28,2022,
Total,Condenados con un delito,País de Europa menos UE28,2021,
Total,Condenados con un delito,País de Europa menos UE28,2020,
Total,Condenados con un delito,País de Europa menos UE28,2019,3.37
Total,Condenados con un delito,País de Europa menos UE28,2018,2.798
Total,Condenados con un delito,País de Europa menos UE28,2017,2.499
Total,Condenados con un delito,País de Europa menos UE28,2016,2.281
Total,Condenados con un delito,País de Europa menos UE28,2015,1.744
Total,Condenados con un delito,País de Europa menos UE28,2014,1.588
Total,Condenados con un delito,País de Europa menos UE28,2013,1.391
Total,Condenados con un delito,País de Europa menos UE27_2020,2023,4.33
Total,Condenados con un delito,País de Europa menos UE27_2020,2022,4.408
Total,Condenados con un delito,País de Europa menos UE27_2020,2021,4.086
Total,Condenados con un delito,País de Europa menos UE27_2020,2020,3.275
Total,Condenados con un delito,País de Europa menos UE27_2020,2019,
Total,Condenados con un delito,País de Europa menos UE27_2020,2018,
Total,Condenados con un delito,País de Europa menos UE27_2020,2017,
Total,Condenados con un delito,País de Europa menos UE27_2020,2016,
Total,Condenados con un delito,País de Europa menos UE27_2020,2015,
Total,Condenados con un delito,País de Europa menos UE27_2020,2014,
Total,Condenados con un delito,País de Europa menos UE27_2020,2013,
Total,Condenados con un delito,De Africa,2023,16.641
Total,Condenados con un delito,De Africa,2022,17.334
Total,Condenados con un delito,De Africa,2021,14.908
Total,Condenados con un delito,De Africa,2020,11.887
Total,Condenados con un delito,De Africa,2019,15.132
Total,Condenados con un delito,De Africa,2018,14.324
Total,Condenados con un delito,De Africa,2017,14.043
Total,Condenados con un delito,De Africa,2016,13.666
Total,Condenados con un delito,De Africa,2015,11.51
Total,Condenados con un delito,De Africa,2014,11.821
Total,Condenados con un delito,De Africa,2013,12.4
Total,Condenados con un delito,De América,2023,21.998
Total,Condenados con un delito,De América,2022,21.168
Total,Condenados con un delito,De América,2021,17.729
Total,Condenados con un delito,De América,2020,14.116
Total,Condenados con un delito,De América,2019,16.653
Total,Condenados con un delito,De América,2018,15.666
Total,Condenados con un delito,De América,2017,15.117
Total,Condenados con un delito,De América,2016,15.013
Total,Condenados con un delito,De América,2015,13.114
Total,Condenados con un delito,De América,2014,14.136
Total,Condenados con un delito,De América,2013,15.959
Total,Condenados con un delito,De Asia,2023,1.964
Total,Condenados con un delito,De Asia,2022,2.034
Total,Condenados con un delito,De Asia,2021,1.927
Total,Condenados con un delito,De Asia,2020,1.447
Total,Condenados con un delito,De Asia,2019,2.19
Total,Condenados con un delito,De Asia,2018,2.119
Total,Condenados con un delito,De Asia,2017,1.991
Total,Condenados con un delito,De Asia,2016,1.952
Total,Condenados con un delito,De Asia,2015,1.52
Total,Condenados con un delito,De Asia,2014,1.458
Total,Condenados con un delito,De Asia,2013,1.584
Total,Condenados con un delito,De Oceanía,2023,25.0
Total,Condenados con un delito,De Oceanía,2022,14.0
Total,Condenados con un delito,De Oceanía,2021,11.0
Total,Condenados con un delito,De Oceanía,2020,13.0
Total,Condenados con un delito,De Oceanía,2019,23.0
Total,Condenados con un delito,De Oceanía,2018,21.0
Total,Condenados con un delito,De Oceanía,2017,18.0
Total,Condenados con un delito,De Oceanía,2016,25.0
Total,Condenados con un delito,De Oceanía,2015,19.0
Total,Condenados con un delito,De Oceanía,2014,20.0
Total,Condenados con un delito,De Oceanía,2013,193.0
Total,Condenados con dos delitos,Total,2023,45.163
Total,Condenados con dos delitos,Total,2022,47.332
Total,Condenados con dos delitos,Total,2021,45.367
Total,Condenados con dos delitos,Total,2020,34.346
Total,Condenados con dos delitos,Total,2019,44.393
Total,Condenados con dos delitos,Total,2018,42.734
Total,Condenados con dos delitos,Total,2017,41.356
Total,Condenados con dos delitos,Total,2016,38.148
Total,Condenados con dos delitos,Total,2015,31.312
Total,Condenados con dos delitos,Total,2014,29.278
Total,Condenados con dos delitos,Total,2013,28.128
Total,Condenados con dos delitos,Española,2023,32.374
Total,Condenados con dos delitos,Española,2022,34.679
Total,Condenados con dos delitos,Española,2021,33.896
Total,Condenados con dos delitos,Española,2020,25.425
Total,Condenados con dos delitos,Española,2019,33.173
Total,Condenados con dos delitos,Española,2018,32.28
Total,Condenados con dos delitos,Española,2017,31.686
Total,Condenados con dos delitos,Española,2016,29.026
Total,Condenados con dos delitos,Española,2015,23.706
Total,Condenados con dos delitos,Española,2014,22.31
Total,Condenados con dos delitos,Española,2013,21.007
Total,Condenados con dos delitos,País de la UE28 sin España,2023,
Total,Condenados con dos delitos,País de la UE28 sin España,2022,
Total,Condenados con dos delitos,País de la UE28 sin España,2021,
Total,Condenados con dos delitos,País de la UE28 sin España,2020,
Total,Condenados con dos delitos,País de la UE28 sin España,2019,3.387
Total,Condenados con dos delitos,País de la UE28 sin España,2018,3.443
Total,Condenados con dos delitos,País de la UE28 sin España,2017,3.198
Total,Condenados con dos delitos,País de la UE28 sin España,2016,3.044
Total,Condenados con dos delitos,País de la UE28 sin España,2015,2.407
Total,Condenados con dos delitos,País de la UE28 sin España,2014,2.211
Total,Condenados con dos delitos,País de la UE28 sin España,2013,2.232
Total,Condenados con dos delitos,País de la UE27_2020 sin España,2023,2.707
Total,Condenados con dos delitos,País de la UE27_2020 sin España,2022,2.826
Total,Condenados con dos delitos,País de la UE27_2020 sin España,2021,2.805
Total,Condenados con dos delitos,País de la UE27_2020 sin España,2020,2.238
Total,Condenados con dos delitos,País de la UE27_2020 sin España,2019,
Total,Condenados con dos delitos,País de la UE27_2020 sin España,2018,
Total,Condenados con dos delitos,País de la UE27_2020 sin España,2017,
Total,Condenados con dos delitos,País de la UE27_2020 sin España,2016,
Total,Condenados con dos delitos,País de la UE27_2020 sin España,2015,
Total,Condenados con dos delitos,País de la UE27_2020 sin España,2014,
Total,Condenados con dos delitos,País de la UE27_2020 sin España,2013,
Total,Condenados con dos delitos,País de Europa menos UE28,2023,
Total,Condenados con dos delitos,País de Europa menos UE28,2022,
Total,Condenados con dos delitos,País de Europa menos UE28,2021,
Total,Condenados con dos delitos,País de Europa menos UE28,2020,
Total,Condenados con dos delitos,País de Europa menos UE28,2019,646.0
Total,Condenados con dos delitos,País de Europa menos UE28,2018,592.0
Total,Condenados con dos delitos,País de Europa menos UE28,2017,542.0
Total,Condenados con dos delitos,País de Europa menos UE28,2016,410.0
Total,Condenados con dos delitos,País de Europa menos UE28,2015,382.0
Total,Condenados con dos delitos,País de Europa menos UE28,2014,292.0
Total,Condenados con dos delitos,País de Europa menos UE28,2013,243.0
Total,Condenados con dos delitos,País de Europa menos UE27_2020,2023,1.003
Total,Condenados con dos delitos,País de Europa menos UE27_2020,2022,984.0
Total,Condenados con dos delitos,País de Europa menos UE27_2020,2021,871.0
Total,Condenados con dos delitos,País de Europa menos UE27_2020,2020,677.0
Total,Condenados con dos delitos,País de Europa menos UE27_2020,2019,
Total,Condenados con dos delitos,País de Europa menos UE27_2020,2018,
Total,Condenados con dos delitos,País de Europa menos UE27_2020,2017,
Total,Condenados con dos delitos,País de Europa menos UE27_2020,2016,
Total,Condenados con dos delitos,País de Europa menos UE27_2020,2015,
Total,Condenados con dos delitos,País de Europa menos UE27_2020,2014,
Total,Condenados con dos delitos,País de Europa menos UE27_2020,2013,
Total,Condenados con dos delitos,De Africa,2023,4.128
Total,Condenados con dos delitos,De Africa,2022,4.109
Total,Condenados con dos delitos,De Africa,2021,3.562
Total,Condenados con dos delitos,De Africa,2020,2.754
Total,Condenados con dos delitos,De Africa,2019,3.403
Total,Condenados con dos delitos,De Africa,2018,2.981
Total,Condenados con dos delitos,De Africa,2017,2.718
Total,Condenados con dos delitos,De Africa,2016,2.581
Total,Condenados con dos delitos,De Africa,2015,2.022
Total,Condenados con dos delitos,De Africa,2014,1.804
Total,Condenados con dos delitos,De Africa,2013,1.861
Total,Condenados con dos delitos,De América,2023,4.598
Total,Condenados con dos delitos,De América,2022,4.313
Total,Condenados con dos delitos,De América,2021,3.893
Total,Condenados con dos delitos,De América,2020,2.975
Total,Condenados con dos delitos,De América,2019,3.407
Total,Condenados con dos delitos,De América,2018,3.114
Total,Condenados con dos delitos,De América,2017,2.914
Total,Condenados con dos delitos,De América,2016,2.792
Total,Condenados con dos delitos,De América,2015,2.571
Total,Condenados con dos delitos,De América,2014,2.431
Total,Condenados con dos delitos,De América,2013,2.562
Total,Condenados con dos delitos,De Asia,2023,352.0
Total,Condenados con dos delitos,De Asia,2022,418.0
Total,Condenados con dos delitos,De Asia,2021,340.0
Total,Condenados con dos delitos,De Asia,2020,275.0
Total,Condenados con dos delitos,De Asia,2019,371.0
Total,Condenados con dos delitos,De Asia,2018,321.0
Total,Condenados con dos delitos,De Asia,2017,296.0
Total,Condenados con dos delitos,De Asia,2016,285.0
Total,Condenados con dos delitos,De Asia,2015,222.0
Total,Condenados con dos delitos,De Asia,2014,229.0
Total,Condenados con dos delitos,De Asia,2013,184.0
Total,Condenados con dos delitos,De Oceanía,2023,1.0
Total,Condenados con dos delitos,De Oceanía,2022,3.0
Total,Condenados con dos delitos,De Oceanía,2021,0.0
Total,Condenados con dos delitos,De Oceanía,2020,2.0
Total,Condenados con dos delitos,De Oceanía,2019,6.0
Total,Condenados con dos delitos,De Oceanía,2018,3.0
Total,Condenados con dos delitos,De Oceanía,2017,2.0
Total,Condenados con dos delitos,De Oceanía,2016,10.0
Total,Condenados con dos delitos,De Oceanía,2015,2.0
Total,Condenados con dos delitos,De Oceanía,2014,1.0
Total,Condenados con dos delitos,De Oceanía,2013,39.0
Total,Condenados con tres delitos,Total,2023,13.999
Total,Condenados con tres delitos,Total,2022,13.175
Total,Condenados con tres delitos,Total,2021,14.174
Total,Condenados con tres delitos,Total,2020,10.044
Total,Condenados con tres delitos,Total,2019,13.219
Total,Condenados con tres delitos,Total,2018,12.706
Total,Condenados con tres delitos,Total,2017,12.045
Total,Condenados con tres delitos,Total,2016,10.585
Total,Condenados con tres delitos,Total,2015,7.734
Total,Condenados con tres delitos,Total,2014,7.053
Total,Condenados con tres delitos,Total,2013,6.515
Total,Condenados con tres delitos,Española,2023,10.069
Total,Condenados con tres delitos,Española,2022,9.559
Total,Condenados con tres delitos,Española,2021,10.568
Total,Condenados con tres delitos,Española,2020,7.375
Total,Condenados con tres delitos,Española,2019,9.913
Total,Condenados con tres delitos,Española,2018,9.601
Total,Condenados con tres delitos,Española,2017,9.22
Total,Condenados con tres delitos,Española,2016,8.144
Total,Condenados con tres delitos,Española,2015,5.997
Total,Condenados con tres delitos,Española,2014,5.508
Total,Condenados con tres delitos,Española,2013,5.074
Total,Condenados con tres delitos,País de la UE28 sin España,2023,
Total,Condenados con tres delitos,País de la UE28 sin España,2022,
Total,Condenados con tres delitos,País de la UE28 sin España,2021,
Total,Condenados con tres delitos,País de la UE28 sin España,2020,
Total,Condenados con tres delitos,País de la UE28 sin España,2019,1.0
Total,Condenados con tres delitos,País de la UE28 sin España,2018,988.0
Total,Condenados con tres delitos,País de la UE28 sin España,2017,979.0
Total,Condenados con tres delitos,País de la UE28 sin España,2016,825.0
Total,Condenados con tres delitos,País de la UE28 sin España,2015,538.0
Total,Condenados con tres delitos,País de la UE28 sin España,2014,472.0
Total,Condenados con tres delitos,País de la UE28 sin España,2013,432.0
Total,Condenados con tres delitos,País de la UE27_2020 sin España,2023,752.0
Total,Condenados con tres delitos,País de la UE27_2020 sin España,2022,771.0
Total,Condenados con tres delitos,País de la UE27_2020 sin España,2021,765.0
Total,Condenados con tres delitos,País de la UE27_2020 sin España,2020,653.0
Total,Condenados con tres delitos,País de la UE27_2020 sin España,2019,
Total,Condenados con tres delitos,País de la UE27_2020 sin España,2018,
Total,Condenados con tres delitos,País de la UE27_2020 sin España,2017,
Total,Condenados con tres delitos,País de la UE27_2020 sin España,2016,
Total,Condenados con tres delitos,País de la UE27_2020 sin España,2015,
Total,Condenados con tres delitos,País de la UE27_2020 sin España,2014,
Total,Condenados con tres delitos,País de la UE27_2020 sin España,2013,
Total,Condenados con tres delitos,País de Europa menos UE28,2023,
Total,Condenados con tres delitos,País de Europa menos UE28,2022,
Total,Condenados con tres delitos,País de Europa menos UE28,2021,
Total,Condenados con tres delitos,País de Europa menos UE28,2020,
Total,Condenados con tres delitos,País de Europa menos UE28,2019,212.0
Total,Condenados con tres delitos,País de Europa menos UE28,2018,181.0
Total,Condenados con tres delitos,País de Europa menos UE28,2017,173.0
Total,Condenados con tres delitos,País de Europa menos UE28,2016,128.0
Total,Condenados con tres delitos,País de Europa menos UE28,2015,69.0
Total,Condenados con tres delitos,País de Europa menos UE28,2014,55.0
Total,Condenados con tres delitos,País de Europa menos UE28,2013,52.0
Total,Condenados con tres delitos,País de Europa menos UE27_2020,2023,302.0
Total,Condenados con tres delitos,País de Europa menos UE27_2020,2022,284.0
Total,Condenados con tres delitos,País de Europa menos UE27_2020,2021,256.0
Total,Condenados con tres delitos,País de Europa menos UE27_2020,2020,244.0
Total,Condenados con tres delitos,País de Europa menos UE27_2020,2019,
Total,Condenados con tres delitos,País de Europa menos UE27_2020,2018,
Total,Condenados con tres delitos,País de Europa menos UE27_2020,2017,
Total,Condenados con tres delitos,País de Europa menos UE27_2020,2016,
Total,Condenados con tres delitos,País de Europa menos UE27_2020,2015,
Total,Condenados con tres delitos,País de Europa menos UE27_2020,2014,
Total,Condenados con tres delitos,País de Europa menos UE27_2020,2013,
Total,Condenados con tres delitos,De Africa,2023,1.462
Total,Condenados con tres delitos,De Africa,2022,1.334
Total,Condenados con tres delitos,De Africa,2021,1.334
Total,Condenados con tres delitos,De Africa,2020,899.0
Total,Condenados con tres delitos,De Africa,2019,1.039
Total,Condenados con tres delitos,De Africa,2018,968.0
Total,Condenados con tres delitos,De Africa,2017,796.0
Total,Condenados con tres delitos,De Africa,2016,700.0
Total,Condenados con tres delitos,De Africa,2015,472.0
Total,Condenados con tres delitos,De Africa,2014,401.0
Total,Condenados con tres delitos,De Africa,2013,365.0
Total,Condenados con tres delitos,De América,2023,1.334
Total,Condenados con tres delitos,De América,2022,1.134
Total,Condenados con tres delitos,De América,2021,1.164
Total,Condenados con tres delitos,De América,2020,790.0
Total,Condenados con tres delitos,De América,2019,974.0
Total,Condenados con tres delitos,De América,2018,890.0
Total,Condenados con tres delitos,De América,2017,788.0
Total,Condenados con tres delitos,De América,2016,736.0
Total,Condenados con tres delitos,De América,2015,602.0
Total,Condenados con tres delitos,De América,2014,563.0
Total,Condenados con tres delitos,De América,2013,558.0
Total,Condenados con tres delitos,De Asia,2023,80.0
Total,Condenados con tres delitos,De Asia,2022,93.0
Total,Condenados con tres delitos,De Asia,2021,86.0
Total,Condenados con tres delitos,De Asia,2020,83.0
Total,Condenados con tres delitos,De Asia,2019,79.0
Total,Condenados con tres delitos,De Asia,2018,78.0
Total,Condenados con tres delitos,De Asia,2017,88.0
Total,Condenados con tres delitos,De Asia,2016,52.0
Total,Condenados con tres delitos,De Asia,2015,56.0
Total,Condenados con tres delitos,De Asia,2014,54.0
Total,Condenados con tres delitos,De Asia,2013,29.0
Total,Condenados con tres delitos,De Oceanía,2023,0.0
Total,Condenados con tres delitos,De Oceanía,2022,0.0
Total,Condenados con tres delitos,De Oceanía,2021,1.0
Total,Condenados con tres delitos,De Oceanía,2020,0.0
Total,Condenados con tres delitos,De Oceanía,2019,2.0
Total,Condenados con tres delitos,De Oceanía,2018,0.0
Total,Condenados con tres delitos,De Oceanía,2017,1.0
Total,Condenados con tres delitos,De Oceanía,2016,0.0
Total,Condenados con tres delitos,De Oceanía,2015,0.0
Total,Condenados con tres delitos,De Oceanía,2014,0.0
Total,Condenados con tres delitos,De Oceanía,2013,5.0
Total,Condenados con cuatro o más delitos,Total,2023,11.332
Total,Condenados con cuatro o más delitos,Total,2022,10.028
Total,Condenados con cuatro o más delitos,Total,2021,12.132
Total,Condenados con cuatro o más delitos,Total,2020,8.078
Total,Condenados con cuatro o más delitos,Total,2019,11.682
Total,Condenados con cuatro o más delitos,Total,2018,10.913
Total,Condenados con cuatro o más delitos,Total,2017,9.853
Total,Condenados con cuatro o más delitos,Total,2016,8.033
Total,Condenados con cuatro o más delitos,Total,2015,4.789
Total,Condenados con cuatro o más delitos,Total,2014,4.06
Total,Condenados con cuatro o más delitos,Total,2013,3.698
Total,Condenados con cuatro o más delitos,Española,2023,8.292
Total,Condenados con cuatro o más delitos,Española,2022,7.314
Total,Condenados con cuatro o más delitos,Española,2021,9.093
Total,Condenados con cuatro o más delitos,Española,2020,6.049
Total,Condenados con cuatro o más delitos,Española,2019,8.646
Total,Condenados con cuatro o más delitos,Española,2018,8.212
Total,Condenados con cuatro o más delitos,Española,2017,7.594
Total,Condenados con cuatro o más delitos,Española,2016,6.274
Total,Condenados con cuatro o más delitos,Española,2015,3.818
Total,Condenados con cuatro o más delitos,Española,2014,3.331
Total,Condenados con cuatro o más delitos,Española,2013,2.98
Total,Condenados con cuatro o más delitos,País de la UE28 sin España,2023,
Total,Condenados con cuatro o más delitos,País de la UE28 sin España,2022,
Total,Condenados con cuatro o más delitos,País de la UE28 sin España,2021,
Total,Condenados con cuatro o más delitos,País de la UE28 sin España,2020,
Total,Condenados con cuatro o más delitos,País de la UE28 sin España,2019,992.0
Total,Condenados con cuatro o más delitos,País de la UE28 sin España,2018,1.033
Total,Condenados con cuatro o más delitos,País de la UE28 sin España,2017,815.0
Total,Condenados con cuatro o más delitos,País de la UE28 sin España,2016,670.0
Total,Condenados con cuatro o más delitos,País de la UE28 sin España,2015,331.0
Total,Condenados con cuatro o más delitos,País de la UE28 sin España,2014,199.0
Total,Condenados con cuatro o más delitos,País de la UE28 sin España,2013,204.0
Total,Condenados con cuatro o más delitos,País de la UE27_2020 sin España,2023,545.0
Total,Condenados con cuatro o más delitos,País de la UE27_2020 sin España,2022,501.0
Total,Condenados con cuatro o más delitos,País de la UE27_2020 sin España,2021,657.0
Total,Condenados con cuatro o más delitos,País de la UE27_2020 sin España,2020,476.0
Total,Condenados con cuatro o más delitos,País de la UE27_2020 sin España,2019,
Total,Condenados con cuatro o más delitos,País de la UE27_2020 sin España,2018,
Total,Condenados con cuatro o más delitos,País de la UE27_2020 sin España,2017,
Total,Condenados con cuatro o más delitos,País de la UE27_2020 sin España,2016,
Total,Condenados con cuatro o más delitos,País de la UE27_2020 sin España,2015,
Total,Condenados con cuatro o más delitos,País de la UE27_2020 sin España,2014,
Total,Condenados con cuatro o más delitos,País de la UE27_2020 sin España,2013,
Total,Condenados con cuatro o más delitos,País de Europa menos UE28,2023,
Total,Condenados con cuatro o más delitos,País de Europa menos UE28,2022,
Total,Condenados con cuatro o más delitos,País de Europa menos UE28,2021,
Total,Condenados con cuatro o más delitos,País de Europa menos UE28,2020,
Total,Condenados con cuatro o más delitos,País de Europa menos UE28,2019,296.0
Total,Condenados con cuatro o más delitos,País de Europa menos UE28,2018,185.0
Total,Condenados con cuatro o más delitos,País de Europa menos UE28,2017,139.0
Total,Condenados con cuatro o más delitos,País de Europa menos UE28,2016,138.0
Total,Condenados con cuatro o más delitos,País de Europa menos UE28,2015,56.0
Total,Condenados con cuatro o más delitos,País de Europa menos UE28,2014,25.0
Total,Condenados con cuatro o más delitos,País de Europa menos UE28,2013,21.0
Total,Condenados con cuatro o más delitos,País de Europa menos UE27_2020,2023,200.0
Total,Condenados con cuatro o más delitos,País de Europa menos UE27_2020,2022,182.0
Total,Condenados con cuatro o más delitos,País de Europa menos UE27_2020,2021,204.0
Total,Condenados con cuatro o más delitos,País de Europa menos UE27_2020,2020,204.0
Total,Condenados con cuatro o más delitos,País de Europa menos UE27_2020,2019,
Total,Condenados con cuatro o más delitos,País de Europa menos UE27_2020,2018,
Total,Condenados con cuatro o más delitos,País de Europa menos UE27_2020,2017,
Total,Condenados con cuatro o más delitos,País de Europa menos UE27_2020,2016,
Total,Condenados con cuatro o más delitos,País de Europa menos UE27_2020,2015,
Total,Condenados con cuatro o más delitos,País de Europa menos UE27_2020,2014,
Total,Condenados con cuatro o más delitos,País de Europa menos UE27_2020,2013,
Total,Condenados con cuatro o más delitos,De Africa,2023,1.419
Total,Condenados con cuatro o más delitos,De Africa,2022,1.219
Total,Condenados con cuatro o más delitos,De Africa,2021,1.204
Total,Condenados con cuatro o más delitos,De Africa,2020,756.0
Total,Condenados con cuatro o más delitos,De Africa,2019,924.0
Total,Condenados con cuatro o más delitos,De Africa,2018,801.0
Total,Condenados con cuatro o más delitos,De Africa,2017,702.0
Total,Condenados con cuatro o más delitos,De Africa,2016,493.0
Total,Condenados con cuatro o más delitos,De Africa,2015,269.0
Total,Condenados con cuatro o más delitos,De Africa,2014,196.0
Total,Condenados con cuatro o más delitos,De Africa,2013,197.0
Total,Condenados con cuatro o más delitos,De América,2023,815.0
Total,Condenados con cuatro o más delitos,De América,2022,758.0
Total,Condenados con cuatro o más delitos,De América,2021,909.0
Total,Condenados con cuatro o más delitos,De América,2020,549.0
Total,Condenados con cuatro o más delitos,De América,2019,745.0
Total,Condenados con cuatro o más delitos,De América,2018,621.0
Total,Condenados con cuatro o más delitos,De América,2017,538.0
Total,Condenados con cuatro o más delitos,De América,2016,417.0
Total,Condenados con cuatro o más delitos,De América,2015,299.0
Total,Condenados con cuatro o más delitos,De América,2014,290.0
Total,Condenados con cuatro o más delitos,De América,2013,268.0
Total,Condenados con cuatro o más delitos,De Asia,2023,61.0
Total,Condenados con cuatro o más delitos,De Asia,2022,54.0
Total,Condenados con cuatro o más delitos,De Asia,2021,65.0
Total,Condenados con cuatro o más delitos,De Asia,2020,44.0
Total,Condenados con cuatro o más delitos,De Asia,2019,79.0
Total,Condenados con cuatro o más delitos,De Asia,2018,61.0
Total,Condenados con cuatro o más delitos,De Asia,2017,63.0
Total,Condenados con cuatro o más delitos,De Asia,2016,40.0
Total,Condenados con cuatro o más delitos,De Asia,2015,16.0
Total,Condenados con cuatro o más delitos,De Asia,2014,19.0
Total,Condenados con cuatro o más delitos,De Asia,2013,22.0
Total,Condenados con cuatro o más delitos,De Oceanía,2023,0.0
Total,Condenados con cuatro o más delitos,De Oceanía,2022,0.0
Total,Condenados con cuatro o más delitos,De Oceanía,2021,0.0
Total,Condenados con cuatro o más delitos,De Oceanía,2020,0.0
Total,Condenados con cuatro o más delitos,De Oceanía,2019,0.0
Total,Condenados con cuatro o más delitos,De Oceanía,2018,0.0
Total,Condenados con cuatro o más delitos,De Oceanía,2017,2.0
Total,Condenados con cuatro o más delitos,De Oceanía,2016,1.0
Total,Condenados con cuatro o más delitos,De Oceanía,2015,0.0
Total,Condenados con cuatro o más delitos,De Oceanía,2014,0.0
Total,Condenados con cuatro o más delitos,De Oceanía,2013,6.0
Hombres,Total,Total,2023,225.947
Hombres,Total,Total,2022,249.861
Hombres,Total,Total,2021,227.789
Hombres,Total,Total,2020,178.256
Hombres,Total,Total,2019,227.722
Hombres,Total,Total,2018,227.211
Hombres,Total,Total,2017,225.753
Hombres,Total,Total,2016,219.28
Hombres,Total,Total,2015,190.876
Hombres,Total,Total,2014,191.608
Hombres,Total,Total,2013,194.596
Hombres,Total,Española,2023,160.566
Hombres,Total,Española,2022,183.721
Hombres,Total,Española,2021,169.23
Hombres,Total,Española,2020,132.168
Hombres,Total,Española,2019,169.316
Hombres,Total,Española,2018,172.046
Hombres,Total,Española,2017,173.383
Hombres,Total,Española,2016,167.331
Hombres,Total,Española,2015,145.573
Hombres,Total,Española,2014,145.309
Hombres,Total,Española,2013,145.433
Hombres,Total,País de la UE28 sin España,2023,
Hombres,Total,País de la UE28 sin España,2022,
Hombres,Total,País de la UE28 sin España,2021,
Hombres,Total,País de la UE28 sin España,2020,
Hombres,Total,País de la UE28 sin España,2019,17.604
Hombres,Total,País de la UE28 sin España,2018,17.628
Hombres,Total,País de la UE28 sin España,2017,17.034
Hombres,Total,País de la UE28 sin España,2016,17.139
Hombres,Total,País de la UE28 sin España,2015,14.662
Hombres,Total,País de la UE28 sin España,2014,14.649
Hombres,Total,País de la UE28 sin España,2013,15.117
Hombres,Total,País de la UE27_2020 sin España,2023,13.802
Hombres,Total,País de la UE27_2020 sin España,2022,15.038
Hombres,Total,País de la UE27_2020 sin España,2021,14.182
Hombres,Total,País de la UE27_2020 sin España,2020,11.695
Hombres,Total,País de la UE27_2020 sin España,2019,
Hombres,Total,País de la UE27_2020 sin España,2018,
Hombres,Total,País de la UE27_2020 sin España,2017,
Hombres,Total,País de la UE27_2020 sin España,2016,
Hombres,Total,País de la UE27_2020 sin España,2015,
Hombres,Total,País de la UE27_2020 sin España,2014,
Hombres,Total,País de la UE27_2020 sin España,2013,
Hombres,Total,País de Europa menos UE28,2023,
Hombres,Total,País de Europa menos UE28,2022,
Hombres,Total,País de Europa menos UE28,2021,
Hombres,Total,País de Europa menos UE28,2020,
Hombres,Total,País de Europa menos UE28,2019,3.373
Hombres,Total,País de Europa menos UE28,2018,2.809
Hombres,Total,País de Europa menos UE28,2017,2.458
Hombres,Total,País de Europa menos UE28,2016,2.2
Hombres,Total,País de Europa menos UE28,2015,1.789
Hombres,Total,País de Europa menos UE28,2014,1.621
Hombres,Total,País de Europa menos UE28,2013,1.421
Hombres,Total,País de Europa menos UE27_2020,2023,4.713
Hombres,Total,País de Europa menos UE27_2020,2022,4.756
Hombres,Total,País de Europa menos UE27_2020,2021,4.374
Hombres,Total,País de Europa menos UE27_2020,2020,3.521
Hombres,Total,País de Europa menos UE27_2020,2019,
Hombres,Total,País de Europa menos UE27_2020,2018,
Hombres,Total,País de Europa menos UE27_2020,2017,
Hombres,Total,País de Europa menos UE27_2020,2016,
Hombres,Total,País de Europa menos UE27_2020,2015,
Hombres,Total,País de Europa menos UE27_2020,2014,
Hombres,Total,País de Europa menos UE27_2020,2013,
Hombres,Total,De Africa,2023,21.94
Hombres,Total,De Africa,2022,22.178
Hombres,Total,De Africa,2021,19.285
Hombres,Total,De Africa,2020,14.861
Hombres,Total,De Africa,2019,18.364
Hombres,Total,De Africa,2018,16.946
Hombres,Total,De Africa,2017,16.114
Hombres,Total,De Africa,2016,15.605
Hombres,Total,De Africa,2015,13.2
Hombres,Total,De Africa,2014,13.33
Hombres,Total,De Africa,2013,14.024
Hombres,Total,De América,2023,22.808
Hombres,Total,De América,2022,21.97
Hombres,Total,De América,2021,18.653
Hombres,Total,De América,2020,14.379
Hombres,Total,De América,2019,16.708
Hombres,Total,De América,2018,15.537
Hombres,Total,De América,2017,14.673
Hombres,Total,De América,2016,14.929
Hombres,Total,De América,2015,13.99
Hombres,Total,De América,2014,15.03
Hombres,Total,De América,2013,16.693
Hombres,Total,De Asia,2023,2.097
Hombres,Total,De Asia,2022,2.182
Hombres,Total,De Asia,2021,2.053
Hombres,Total,De Asia,2020,1.618
Hombres,Total,De Asia,2019,2.332
Hombres,Total,De Asia,2018,2.224
Hombres,Total,De Asia,2017,2.071
Hombres,Total,De Asia,2016,2.045
Hombres,Total,De Asia,2015,1.644
Hombres,Total,De Asia,2014,1.651
Hombres,Total,De Asia,2013,1.676
Hombres,Total,De Oceanía,2023,21.0
Hombres,Total,De Oceanía,2022,16.0
Hombres,Total,De Oceanía,2021,12.0
Hombres,Total,De Oceanía,2020,14.0
Hombres,Total,De Oceanía,2019,25.0
Hombres,Total,De Oceanía,2018,21.0
Hombres,Total,De Oceanía,2017,20.0
Hombres,Total,De Oceanía,2016,31.0
Hombres,Total,De Oceanía,2015,18.0
Hombres,Total,De Oceanía,2014,18.0
Hombres,Total,De Oceanía,2013,232.0
Hombres,Condenados con un delito,Total,2023,165.404
Hombres,Condenados con un delito,Total,2022,189.441
Hombres,Condenados con un delito,Total,2021,166.859
Hombres,Condenados con un delito,Total,2020,133.673
Hombres,Condenados con un delito,Total,2019,169.664
Hombres,Condenados con un delito,Total,2018,171.536
Hombres,Condenados con un delito,Total,2017,172.521
Hombres,Condenados con un delito,Total,2016,170.816
Hombres,Condenados con un delito,Total,2015,151.481
Hombres,Condenados con un delito,Total,2014,154.794
Hombres,Condenados con un delito,Total,2013,159.213
Hombres,Condenados con un delito,Española,2023,117.748
Hombres,Condenados con un delito,Española,2022,140.283
Hombres,Condenados con un delito,Española,2021,124.335
Hombres,Condenados con un delito,Española,2020,99.511
Hombres,Condenados con un delito,Española,2019,126.317
Hombres,Condenados con un delito,Española,2018,130.35
Hombres,Condenados con un delito,Española,2017,132.829
Hombres,Condenados con un delito,Española,2016,130.465
Hombres,Condenados con un delito,Española,2015,115.529
Hombres,Condenados con un delito,Española,2014,117.052
Hombres,Condenados con un delito,Española,2013,118.688
Hombres,Condenados con un delito,País de la UE28 sin España,2023,
Hombres,Condenados con un delito,País de la UE28 sin España,2022,
Hombres,Condenados con un delito,País de la UE28 sin España,2021,
Hombres,Condenados con un delito,País de la UE28 sin España,2020,
Hombres,Condenados con un delito,País de la UE28 sin España,2019,13.225
Hombres,Condenados con un delito,País de la UE28 sin España,2018,13.158
Hombres,Condenados con un delito,País de la UE28 sin España,2017,12.914
Hombres,Condenados con un delito,País de la UE28 sin España,2016,13.38
Hombres,Condenados con un delito,País de la UE28 sin España,2015,11.743
Hombres,Condenados con un delito,País de la UE28 sin España,2014,12.003
Hombres,Condenados con un delito,País de la UE28 sin España,2013,12.466
Hombres,Condenados con un delito,País de la UE27_2020 sin España,2023,10.342
Hombres,Condenados con un delito,País de la UE27_2020 sin España,2022,11.533
Hombres,Condenados con un delito,País de la UE27_2020 sin España,2021,10.554
Hombres,Condenados con un delito,País de la UE27_2020 sin España,2020,8.846
Hombres,Condenados con un delito,País de la UE27_2020 sin España,2019,
Hombres,Condenados con un delito,País de la UE27_2020 sin España,2018,
Hombres,Condenados con un delito,País de la UE27_2020 sin España,2017,
Hombres,Condenados con un delito,País de la UE27_2020 sin España,2016,
Hombres,Condenados con un delito,País de la UE27_2020 sin España,2015,
Hombres,Condenados con un delito,País de la UE27_2020 sin España,2014,
Hombres,Condenados con un delito,País de la UE27_2020 sin España,2013,
Hombres,Condenados con un delito,País de Europa menos UE28,2023,
Hombres,Condenados con un delito,País de Europa menos UE28,2022,
Hombres,Condenados con un delito,País de Europa menos UE28,2021,
Hombres,Condenados con un delito,País de Europa menos UE28,2020,
Hombres,Condenados con un delito,País de Europa menos UE28,2019,2.511
Hombres,Condenados con un delito,País de Europa menos UE28,2018,2.051
Hombres,Condenados con un delito,País de Europa menos UE28,2017,1.806
Hombres,Condenados con un delito,País de Europa menos UE28,2016,1.694
Hombres,Condenados con un delito,País de Europa menos UE28,2015,1.381
Hombres,Condenados con un delito,País de Europa menos UE28,2014,1.29
Hombres,Condenados con un delito,País de Europa menos UE28,2013,1.158
Hombres,Condenados con un delito,País de Europa menos UE27_2020,2023,3.442
Hombres,Condenados con un delito,País de Europa menos UE27_2020,2022,3.531
Hombres,Condenados con un delito,País de Europa menos UE27_2020,2021,3.27
Hombres,Condenados con un delito,País de Europa menos UE27_2020,2020,2.595
Hombres,Condenados con un delito,País de Europa menos UE27_2020,2019,
Hombres,Condenados con un delito,País de Europa menos UE27_2020,2018,
Hombres,Condenados con un delito,País de Europa menos UE27_2020,2017,
Hombres,Condenados con un delito,País de Europa menos UE27_2020,2016,
Hombres,Condenados con un delito,País de Europa menos UE27_2020,2015,
Hombres,Condenados con un delito,País de Europa menos UE27_2020,2014,
Hombres,Condenados con un delito,País de Europa menos UE27_2020,2013,
Hombres,Condenados con un delito,De Africa,2023,15.19
Hombres,Condenados con un delito,De Africa,2022,15.788
Hombres,Condenados con un delito,De Africa,2021,13.463
Hombres,Condenados con un delito,De Africa,2020,10.671
Hombres,Condenados con un delito,De Africa,2019,13.336
Hombres,Condenados con un delito,De Africa,2018,12.522
Hombres,Condenados con un delito,De Africa,2017,12.194
Hombres,Condenados con un delito,De Africa,2016,12.035
Hombres,Condenados con un delito,De Africa,2015,10.566
Hombres,Condenados con un delito,De Africa,2014,11.018
Hombres,Condenados con un delito,De Africa,2013,11.672
Hombres,Condenados con un delito,De América,2023,17.019
Hombres,Condenados con un delito,De América,2022,16.607
Hombres,Condenados con un delito,De América,2021,13.612
Hombres,Condenados con un delito,De América,2020,10.789
Hombres,Condenados con un delito,De América,2019,12.413
Hombres,Condenados con un delito,De América,2018,11.62
Hombres,Condenados con un delito,De América,2017,11.101
Hombres,Condenados con un delito,De América,2016,11.531
Hombres,Condenados con un delito,De América,2015,10.879
Hombres,Condenados con un delito,De América,2014,12.056
Hombres,Condenados con un delito,De América,2013,13.592
Hombres,Condenados con un delito,De Asia,2023,1.643
Hombres,Condenados con un delito,De Asia,2022,1.686
Hombres,Condenados con un delito,De Asia,2021,1.614
Hombres,Condenados con un delito,De Asia,2020,1.249
Hombres,Condenados con un delito,De Asia,2019,1.844
Hombres,Condenados con un delito,De Asia,2018,1.817
Hombres,Condenados con un delito,De Asia,2017,1.662
Hombres,Condenados con un delito,De Asia,2016,1.69
Hombres,Condenados con un delito,De Asia,2015,1.366
Hombres,Condenados con un delito,De Asia,2014,1.358
Hombres,Condenados con un delito,De Asia,2013,1.454
Hombres,Condenados con un delito,De Oceanía,2023,20.0
Hombres,Condenados con un delito,De Oceanía,2022,13.0
Hombres,Condenados con un delito,De Oceanía,2021,11.0
Hombres,Condenados con un delito,De Oceanía,2020,12.0
Hombres,Condenados con un delito,De Oceanía,2019,18.0
Hombres,Condenados con un delito,De Oceanía,2018,18.0
Hombres,Condenados con un delito,De Oceanía,2017,15.0
Hombres,Condenados con un delito,De Oceanía,2016,21.0
Hombres,Condenados con un delito,De Oceanía,2015,17.0
Hombres,Condenados con un delito,De Oceanía,2014,17.0
Hombres,Condenados con un delito,De Oceanía,2013,183.0
Hombres,Condenados con dos delitos,Total,2023,38.219
Hombres,Condenados con dos delitos,Total,2022,39.996
Hombres,Condenados con dos delitos,Total,2021,38.246
Hombres,Condenados con dos delitos,Total,2020,28.869
Hombres,Condenados con dos delitos,Total,2019,36.894
Hombres,Condenados con dos delitos,Total,2018,35.645
Hombres,Condenados con dos delitos,Total,2017,34.543
Hombres,Condenados con dos delitos,Total,2016,32.415
Hombres,Condenados con dos delitos,Total,2015,27.864
Hombres,Condenados con dos delitos,Total,2014,26.472
Hombres,Condenados con dos delitos,Total,2013,25.757
Hombres,Condenados con dos delitos,Española,2023,26.864
Hombres,Condenados con dos delitos,Española,2022,28.832
Hombres,Condenados con dos delitos,Española,2021,28.151
Hombres,Condenados con dos delitos,Española,2020,21.102
Hombres,Condenados con dos delitos,Española,2019,27.267
Hombres,Condenados con dos delitos,Española,2018,26.649
Hombres,Condenados con dos delitos,Española,2017,26.234
Hombres,Condenados con dos delitos,Española,2016,24.449
Hombres,Condenados con dos delitos,Española,2015,20.983
Hombres,Condenados con dos delitos,Española,2014,20.049
Hombres,Condenados con dos delitos,Española,2013,19.167
Hombres,Condenados con dos delitos,País de la UE28 sin España,2023,
Hombres,Condenados con dos delitos,País de la UE28 sin España,2022,
Hombres,Condenados con dos delitos,País de la UE28 sin España,2021,
Hombres,Condenados con dos delitos,País de la UE28 sin España,2020,
Hombres,Condenados con dos delitos,País de la UE28 sin España,2019,2.829
Hombres,Condenados con dos delitos,País de la UE28 sin España,2018,2.876
Hombres,Condenados con dos delitos,País de la UE28 sin España,2017,2.684
Hombres,Condenados con dos delitos,País de la UE28 sin España,2016,2.557
Hombres,Condenados con dos delitos,País de la UE28 sin España,2015,2.139
Hombres,Condenados con dos delitos,País de la UE28 sin España,2014,2.026
Hombres,Condenados con dos delitos,País de la UE28 sin España,2013,2.056
Hombres,Condenados con dos delitos,País de la UE27_2020 sin España,2023,2.31
Hombres,Condenados con dos delitos,País de la UE27_2020 sin España,2022,2.383
Hombres,Condenados con dos delitos,País de la UE27_2020 sin España,2021,2.395
Hombres,Condenados con dos delitos,País de la UE27_2020 sin España,2020,1.889
Hombres,Condenados con dos delitos,País de la UE27_2020 sin España,2019,
Hombres,Condenados con dos delitos,País de la UE27_2020 sin España,2018,
Hombres,Condenados con dos delitos,País de la UE27_2020 sin España,2017,
Hombres,Condenados con dos delitos,País de la UE27_2020 sin España,2016,
Hombres,Condenados con dos delitos,País de la UE27_2020 sin España,2015,
Hombres,Condenados con dos delitos,País de la UE27_2020 sin España,2014,
Hombres,Condenados con dos delitos,País de la UE27_2020 sin España,2013,
Hombres,Condenados con dos delitos,País de Europa menos UE28,2023,
Hombres,Condenados con dos delitos,País de Europa menos UE28,2022,
Hombres,Condenados con dos delitos,País de Europa menos UE28,2021,
Hombres,Condenados con dos delitos,País de Europa menos UE28,2020,
Hombres,Condenados con dos delitos,País de Europa menos UE28,2019,510.0
Hombres,Condenados con dos delitos,País de Europa menos UE28,2018,485.0
Hombres,Condenados con dos delitos,País de Europa menos UE28,2017,421.0
Hombres,Condenados con dos delitos,País de Europa menos UE28,2016,317.0
Hombres,Condenados con dos delitos,País de Europa menos UE28,2015,320.0
Hombres,Condenados con dos delitos,País de Europa menos UE28,2014,258.0
Hombres,Condenados con dos delitos,País de Europa menos UE28,2013,202.0
Hombres,Condenados con dos delitos,País de Europa menos UE27_2020,2023,846.0
Hombres,Condenados con dos delitos,País de Europa menos UE27_2020,2022,820.0
Hombres,Condenados con dos delitos,País de Europa menos UE27_2020,2021,711.0
Hombres,Condenados con dos delitos,País de Europa menos UE27_2020,2020,580.0
Hombres,Condenados con dos delitos,País de Europa menos UE27_2020,2019,
Hombres,Condenados con dos delitos,País de Europa menos UE27_2020,2018,
Hombres,Condenados con dos delitos,País de Europa menos UE27_2020,2017,
Hombres,Condenados con dos delitos,País de Europa menos UE27_2020,2016,
Hombres,Condenados con dos delitos,País de Europa menos UE27_2020,2015,
Hombres,Condenados con dos delitos,País de Europa menos UE27_2020,2014,
Hombres,Condenados con dos delitos,País de Europa menos UE27_2020,2013,
Hombres,Condenados con dos delitos,De Africa,2023,3.952
Hombres,Condenados con dos delitos,De Africa,2022,3.913
Hombres,Condenados con dos delitos,De Africa,2021,3.388
Hombres,Condenados con dos delitos,De Africa,2020,2.6
Hombres,Condenados con dos delitos,De Africa,2019,3.145
Hombres,Condenados con dos delitos,De Africa,2018,2.749
Hombres,Condenados con dos delitos,De Africa,2017,2.505
Hombres,Condenados con dos delitos,De Africa,2016,2.442
Hombres,Condenados con dos delitos,De Africa,2015,1.921
Hombres,Condenados con dos delitos,De Africa,2014,1.735
Hombres,Condenados con dos delitos,De Africa,2013,1.801
Hombres,Condenados con dos delitos,De América,2023,3.928
Hombres,Condenados con dos delitos,De América,2022,3.686
Hombres,Condenados con dos delitos,De América,2021,3.292
Hombres,Condenados con dos delitos,De América,2020,2.445
Hombres,Condenados con dos delitos,De América,2019,2.799
Hombres,Condenados con dos delitos,De América,2018,2.609
Hombres,Condenados con dos delitos,De América,2017,2.428
Hombres,Condenados con dos delitos,De América,2016,2.372
Hombres,Condenados con dos delitos,De América,2015,2.293
Hombres,Condenados con dos delitos,De América,2014,2.182
Hombres,Condenados con dos delitos,De América,2013,2.321
Hombres,Condenados con dos delitos,De Asia,2023,318.0
Hombres,Condenados con dos delitos,De Asia,2022,359.0
Hombres,Condenados con dos delitos,De Asia,2021,309.0
Hombres,Condenados con dos delitos,De Asia,2020,251.0
Hombres,Condenados con dos delitos,De Asia,2019,339.0
Hombres,Condenados con dos delitos,De Asia,2018,274.0
Hombres,Condenados con dos delitos,De Asia,2017,269.0
Hombres,Condenados con dos delitos,De Asia,2016,268.0
Hombres,Condenados con dos delitos,De Asia,2015,207.0
Hombres,Condenados con dos delitos,De Asia,2014,221.0
Hombres,Condenados con dos delitos,De Asia,2013,172.0
Hombres,Condenados con dos delitos,De Oceanía,2023,1.0
Hombres,Condenados con dos delitos,De Oceanía,2022,3.0
Hombres,Condenados con dos delitos,De Oceanía,2021,0.0
Hombres,Condenados con dos delitos,De Oceanía,2020,2.0
Hombres,Condenados con dos delitos,De Oceanía,2019,5.0
Hombres,Condenados con dos delitos,De Oceanía,2018,3.0
Hombres,Condenados con dos delitos,De Oceanía,2017,2.0
Hombres,Condenados con dos delitos,De Oceanía,2016,10.0
Hombres,Condenados con dos delitos,De Oceanía,2015,1.0
Hombres,Condenados con dos delitos,De Oceanía,2014,1.0
Hombres,Condenados con dos delitos,De Oceanía,2013,38.0
Hombres,Condenados con tres delitos,Total,2023,12.245
Hombres,Condenados con tres delitos,Total,2022,11.546
Hombres,Condenados con tres delitos,Total,2021,12.203
Hombres,Condenados con tres delitos,Total,2020,8.723
Hombres,Condenados con tres delitos,Total,2019,11.386
Hombres,Condenados con tres delitos,Total,2018,10.948
Hombres,Condenados con tres delitos,Total,2017,10.364
Hombres,Condenados con tres delitos,Total,2016,9.21
Hombres,Condenados con tres delitos,Total,2015,7.114
Hombres,Condenados con tres delitos,Total,2014,6.528
Hombres,Condenados con tres delitos,Total,2013,6.109
Hombres,Condenados con tres delitos,Española,2023,8.678
Hombres,Condenados con tres delitos,Española,2022,8.244
Hombres,Condenados con tres delitos,Española,2021,9.013
Hombres,Condenados con tres delitos,Española,2020,6.354
Hombres,Condenados con tres delitos,Española,2019,8.491
Hombres,Condenados con tres delitos,Española,2018,8.214
Hombres,Condenados con tres delitos,Española,2017,7.912
Hombres,Condenados con tres delitos,Española,2016,7.06
Hombres,Condenados con tres delitos,Española,2015,5.516
Hombres,Condenados con tres delitos,Española,2014,5.087
Hombres,Condenados con tres delitos,Española,2013,4.754
Hombres,Condenados con tres delitos,País de la UE28 sin España,2023,
Hombres,Condenados con tres delitos,País de la UE28 sin España,2022,
Hombres,Condenados con tres delitos,País de la UE28 sin España,2021,
Hombres,Condenados con tres delitos,País de la UE28 sin España,2020,
Hombres,Condenados con tres delitos,País de la UE28 sin España,2019,796.0
Hombres,Condenados con tres delitos,País de la UE28 sin España,2018,822.0
Hombres,Condenados con tres delitos,País de la UE28 sin España,2017,815.0
Hombres,Condenados con tres delitos,País de la UE28 sin España,2016,682.0
Hombres,Condenados con tres delitos,País de la UE28 sin España,2015,489.0
Hombres,Condenados con tres delitos,País de la UE28 sin España,2014,432.0
Hombres,Condenados con tres delitos,País de la UE28 sin España,2013,397.0
Hombres,Condenados con tres delitos,País de la UE27_2020 sin España,2023,660.0
Hombres,Condenados con tres delitos,País de la UE27_2020 sin España,2022,682.0
Hombres,Condenados con tres delitos,País de la UE27_2020 sin España,2021,653.0
Hombres,Condenados con tres delitos,País de la UE27_2020 sin España,2020,565.0
Hombres,Condenados con tres delitos,País de la UE27_2020 sin España,2019,
Hombres,Condenados con tres delitos,País de la UE27_2020 sin España,2018,
Hombres,Condenados con tres delitos,País de la UE27_2020 sin España,2017,
Hombres,Condenados con tres delitos,País de la UE27_2020 sin España,2016,
Hombres,Condenados con tres delitos,País de la UE27_2020 sin España,2015,
Hombres,Condenados con tres delitos,País de la UE27_2020 sin España,2014,
Hombres,Condenados con tres delitos,País de la UE27_2020 sin España,2013,
Hombres,Condenados con tres delitos,País de Europa menos UE28,2023,
Hombres,Condenados con tres delitos,País de Europa menos UE28,2022,
Hombres,Condenados con tres delitos,País de Europa menos UE28,2021,
Hombres,Condenados con tres delitos,País de Europa menos UE28,2020,
Hombres,Condenados con tres delitos,País de Europa menos UE28,2019,173.0
Hombres,Condenados con tres delitos,País de Europa menos UE28,2018,146.0
Hombres,Condenados con tres delitos,País de Europa menos UE28,2017,134.0
Hombres,Condenados con tres delitos,País de Europa menos UE28,2016,106.0
Hombres,Condenados con tres delitos,País de Europa menos UE28,2015,54.0
Hombres,Condenados con tres delitos,País de Europa menos UE28,2014,50.0
Hombres,Condenados con tres delitos,País de Europa menos UE28,2013,43.0
Hombres,Condenados con tres delitos,País de Europa menos UE27_2020,2023,268.0
Hombres,Condenados con tres delitos,País de Europa menos UE27_2020,2022,243.0
Hombres,Condenados con tres delitos,País de Europa menos UE27_2020,2021,215.0
Hombres,Condenados con tres delitos,País de Europa menos UE27_2020,2020,197.0
Hombres,Condenados con tres delitos,País de Europa menos UE27_2020,2019,
Hombres,Condenados con tres delitos,País de Europa menos UE27_2020,2018,
Hombres,Condenados con tres delitos,País de Europa menos UE27_2020,2017,
Hombres,Condenados con tres delitos,País de Europa menos UE27_2020,2016,
Hombres,Condenados con tres delitos,País de Europa menos UE27_2020,2015,
Hombres,Condenados con tres delitos,País de Europa menos UE27_2020,2014,
Hombres,Condenados con tres delitos,País de Europa menos UE27_2020,2013,
Hombres,Condenados con tres delitos,De Africa,2023,1.411
Hombres,Condenados con tres delitos,De Africa,2022,1.29
Hombres,Condenados con tres delitos,De Africa,2021,1.271
Hombres,Condenados con tres delitos,De Africa,2020,867.0
Hombres,Condenados con tres delitos,De Africa,2019,1.0
Hombres,Condenados con tres delitos,De Africa,2018,914.0
Hombres,Condenados con tres delitos,De Africa,2017,748.0
Hombres,Condenados con tres delitos,De Africa,2016,661.0
Hombres,Condenados con tres delitos,De Africa,2015,457.0
Hombres,Condenados con tres delitos,De Africa,2014,385.0
Hombres,Condenados con tres delitos,De Africa,2013,358.0
Hombres,Condenados con tres delitos,De América,2023,1.151
Hombres,Condenados con tres delitos,De América,2022,1.0
Hombres,Condenados con tres delitos,De América,2021,979.0
Hombres,Condenados con tres delitos,De América,2020,664.0
Hombres,Condenados con tres delitos,De América,2019,848.0
Hombres,Condenados con tres delitos,De América,2018,777.0
Hombres,Condenados con tres delitos,De América,2017,675.0
Hombres,Condenados con tres delitos,De América,2016,653.0
Hombres,Condenados con tres delitos,De América,2015,543.0
Hombres,Condenados con tres delitos,De América,2014,521.0
Hombres,Condenados con tres delitos,De América,2013,523.0
Hombres,Condenados con tres delitos,De Asia,2023,77.0
Hombres,Condenados con tres delitos,De Asia,2022,87.0
Hombres,Condenados con tres delitos,De Asia,2021,71.0
Hombres,Condenados con tres delitos,De Asia,2020,76.0
Hombres,Condenados con tres delitos,De Asia,2019,76.0
Hombres,Condenados con tres delitos,De Asia,2018,75.0
Hombres,Condenados con tres delitos,De Asia,2017,79.0
Hombres,Condenados con tres delitos,De Asia,2016,48.0
Hombres,Condenados con tres delitos,De Asia,2015,55.0
Hombres,Condenados con tres delitos,De Asia,2014,53.0
Hombres,Condenados con tres delitos,De Asia,2013,29.0
Hombres,Condenados con tres delitos,De Oceanía,2023,0.0
Hombres,Condenados con tres delitos,De Oceanía,2022,0.0
Hombres,Condenados con tres delitos,De Oceanía,2021,1.0
Hombres,Condenados con tres delitos,De Oceanía,2020,0.0
Hombres,Condenados con tres delitos,De Oceanía,2019,2.0
Hombres,Condenados con tres delitos,De Oceanía,2018,0.0
Hombres,Condenados con tres delitos,De Oceanía,2017,1.0
Hombres,Condenados con tres delitos,De Oceanía,2016,0.0
Hombres,Condenados con tres delitos,De Oceanía,2015,0.0
Hombres,Condenados con tres delitos,De Oceanía,2014,0.0
Hombres,Condenados con tres delitos,De Oceanía,2013,5.0
Hombres,Condenados con cuatro o más delitos,Total,2023,10.079
Hombres,Condenados con cuatro o más delitos,Total,2022,8.878
Hombres,Condenados con cuatro o más delitos,Total,2021,10.481
Hombres,Condenados con cuatro o más delitos,Total,2020,6.991
Hombres,Condenados con cuatro o más delitos,Total,2019,9.778
Hombres,Condenados con cuatro o más delitos,Total,2018,9.082
Hombres,Condenados con cuatro o más delitos,Total,2017,8.325
Hombres,Condenados con cuatro o más delitos,Total,2016,6.839
Hombres,Condenados con cuatro o más delitos,Total,2015,4.417
Hombres,Condenados con cuatro o más delitos,Total,2014,3.814
Hombres,Condenados con cuatro o más delitos,Total,2013,3.517
Hombres,Condenados con cuatro o más delitos,Española,2023,7.276
Hombres,Condenados con cuatro o más delitos,Española,2022,6.362
Hombres,Condenados con cuatro o más delitos,Española,2021,7.731
Hombres,Condenados con cuatro o más delitos,Española,2020,5.201
Hombres,Condenados con cuatro o más delitos,Española,2019,7.241
Hombres,Condenados con cuatro o más delitos,Española,2018,6.833
Hombres,Condenados con cuatro o más delitos,Española,2017,6.408
Hombres,Condenados con cuatro o más delitos,Española,2016,5.357
Hombres,Condenados con cuatro o más delitos,Española,2015,3.545
Hombres,Condenados con cuatro o más delitos,Española,2014,3.121
Hombres,Condenados con cuatro o más delitos,Española,2013,2.824
Hombres,Condenados con cuatro o más delitos,País de la UE28 sin España,2023,
Hombres,Condenados con cuatro o más delitos,País de la UE28 sin España,2022,
Hombres,Condenados con cuatro o más delitos,País de la UE28 sin España,2021,
Hombres,Condenados con cuatro o más delitos,País de la UE28 sin España,2020,
Hombres,Condenados con cuatro o más delitos,País de la UE28 sin España,2019,754.0
Hombres,Condenados con cuatro o más delitos,País de la UE28 sin España,2018,772.0
Hombres,Condenados con cuatro o más delitos,País de la UE28 sin España,2017,621.0
Hombres,Condenados con cuatro o más delitos,País de la UE28 sin España,2016,520.0
Hombres,Condenados con cuatro o más delitos,País de la UE28 sin España,2015,291.0
Hombres,Condenados con cuatro o más delitos,País de la UE28 sin España,2014,188.0
Hombres,Condenados con cuatro o más delitos,País de la UE28 sin España,2013,198.0
Hombres,Condenados con cuatro o más delitos,País de la UE27_2020 sin España,2023,490.0
Hombres,Condenados con cuatro o más delitos,País de la UE27_2020 sin España,2022,440.0
Hombres,Condenados con cuatro o más delitos,País de la UE27_2020 sin España,2021,580.0
Hombres,Condenados con cuatro o más delitos,País de la UE27_2020 sin España,2020,395.0
Hombres,Condenados con cuatro o más delitos,País de la UE27_2020 sin España,2019,
Hombres,Condenados con cuatro o más delitos,País de la UE27_2020 sin España,2018,
Hombres,Condenados con cuatro o más delitos,País de la UE27_2020 sin España,2017,
Hombres,Condenados con cuatro o más delitos,País de la UE27_2020 sin España,2016,
Hombres,Condenados con cuatro o más delitos,País de la UE27_2020 sin España,2015,
Hombres,Condenados con cuatro o más delitos,País de la UE27_2020 sin España,2014,
Hombres,Condenados con cuatro o más delitos,País de la UE27_2020 sin España,2013,
Hombres,Condenados con cuatro o más delitos,País de Europa menos UE28,2023,
Hombres,Condenados con cuatro o más delitos,País de Europa menos UE28,2022,
Hombres,Condenados con cuatro o más delitos,País de Europa menos UE28,2021,
Hombres,Condenados con cuatro o más delitos,País de Europa menos UE28,2020,
Hombres,Condenados con cuatro o más delitos,País de Europa menos UE28,2019,179.0
Hombres,Condenados con cuatro o más delitos,País de Europa menos UE28,2018,127.0
Hombres,Condenados con cuatro o más delitos,País de Europa menos UE28,2017,97.0
Hombres,Condenados con cuatro o más delitos,País de Europa menos UE28,2016,83.0
Hombres,Condenados con cuatro o más delitos,País de Europa menos UE28,2015,34.0
Hombres,Condenados con cuatro o más delitos,País de Europa menos UE28,2014,23.0
Hombres,Condenados con cuatro o más delitos,País de Europa menos UE28,2013,18.0
Hombres,Condenados con cuatro o más delitos,País de Europa menos UE27_2020,2023,157.0
Hombres,Condenados con cuatro o más delitos,País de Europa menos UE27_2020,2022,162.0
Hombres,Condenados con cuatro o más delitos,País de Europa menos UE27_2020,2021,178.0
Hombres,Condenados con cuatro o más delitos,País de Europa menos UE27_2020,2020,149.0
Hombres,Condenados con cuatro o más delitos,País de Europa menos UE27_2020,2019,
Hombres,Condenados con cuatro o más delitos,País de Europa menos UE27_2020,2018,
Hombres,Condenados con cuatro o más delitos,País de Europa menos UE27_2020,2017,
Hombres,Condenados con cuatro o más delitos,País de Europa menos UE27_2020,2016,
Hombres,Condenados con cuatro o más delitos,País de Europa menos UE27_2020,2015,
Hombres,Condenados con cuatro o más delitos,País de Europa menos UE27_2020,2014,
Hombres,Condenados con cuatro o más delitos,País de Europa menos UE27_2020,2013,
Hombres,Condenados con cuatro o más delitos,De Africa,2023,1.387
Hombres,Condenados con cuatro o más delitos,De Africa,2022,1.187
Hombres,Condenados con cuatro o más delitos,De Africa,2021,1.163
Hombres,Condenados con cuatro o más delitos,De Africa,2020,723.0
Hombres,Condenados con cuatro o más delitos,De Africa,2019,883.0
Hombres,Condenados con cuatro o más delitos,De Africa,2018,761.0
Hombres,Condenados con cuatro o más delitos,De Africa,2017,667.0
Hombres,Condenados con cuatro o más delitos,De Africa,2016,467.0
Hombres,Condenados con cuatro o más delitos,De Africa,2015,256.0
Hombres,Condenados con cuatro o más delitos,De Africa,2014,192.0
Hombres,Condenados con cuatro o más delitos,De Africa,2013,193.0
Hombres,Condenados con cuatro o más delitos,De América,2023,710.0
Hombres,Condenados con cuatro o más delitos,De América,2022,677.0
Hombres,Condenados con cuatro o más delitos,De América,2021,770.0
Hombres,Condenados con cuatro o más delitos,De América,2020,481.0
Hombres,Condenados con cuatro o más delitos,De América,2019,648.0
Hombres,Condenados con cuatro o más delitos,De América,2018,531.0
Hombres,Condenados con cuatro o más delitos,De América,2017,469.0
Hombres,Condenados con cuatro o más delitos,De América,2016,373.0
Hombres,Condenados con cuatro o más delitos,De América,2015,275.0
Hombres,Condenados con cuatro o más delitos,De América,2014,271.0
Hombres,Condenados con cuatro o más delitos,De América,2013,257.0
Hombres,Condenados con cuatro o más delitos,De Asia,2023,59.0
Hombres,Condenados con cuatro o más delitos,De Asia,2022,50.0
Hombres,Condenados con cuatro o más delitos,De Asia,2021,59.0
Hombres,Condenados con cuatro o más delitos,De Asia,2020,42.0
Hombres,Condenados con cuatro o más delitos,De Asia,2019,73.0
Hombres,Condenados con cuatro o más delitos,De Asia,2018,58.0
Hombres,Condenados con cuatro o más delitos,De Asia,2017,61.0
Hombres,Condenados con cuatro o más delitos,De Asia,2016,39.0
Hombres,Condenados con cuatro o más delitos,De Asia,2015,16.0
Hombres,Condenados con cuatro o más delitos,De Asia,2014,19.0
Hombres,Condenados con cuatro o más delitos,De Asia,2013,21.0
Hombres,Condenados con cuatro o más delitos,De Oceanía,2023,0.0
Hombres,Condenados con cuatro o más delitos,De Oceanía,2022,0.0
Hombres,Condenados con cuatro o más delitos,De Oceanía,2021,0.0
Hombres,Condenados con cuatro o más delitos,De Oceanía,2020,0.0
Hombres,Condenados con cuatro o más delitos,De Oceanía,2019,0.0
Hombres,Condenados con cuatro o más delitos,De Oceanía,2018,0.0
Hombres,Condenados con cuatro o más delitos,De Oceanía,2017,2.0
Hombres,Condenados con cuatro o más delitos,De Oceanía,2016,0.0
Hombres,Condenados con cuatro o más delitos,De Oceanía,2015,0.0
Hombres,Condenados con cuatro o más delitos,De Oceanía,2014,0.0
Hombres,Condenados con cuatro o más delitos,De Oceanía,2013,6.0
Mujeres,Total,Total,2023,54.375
Mujeres,Total,Total,2022,58.763
Mujeres,Total,Total,2021,54.421
Mujeres,Total,Total,2020,43.181
Mujeres,Total,Total,2019,59.209
Mujeres,Total,Total,2018,59.426
Mujeres,Total,Total,2017,59.583
Mujeres,Total,Total,2016,52.246
Mujeres,Total,Total,2015,31.986
Mujeres,Total,Total,2014,27.219
Mujeres,Total,Total,2013,25.18
Mujeres,Total,Española,2023,42.04
Mujeres,Total,Española,2022,46.57
Mujeres,Total,Española,2021,43.029
Mujeres,Total,Española,2020,33.76
Mujeres,Total,Española,2019,45.971
Mujeres,Total,Española,2018,46.649
Mujeres,Total,Española,2017,47.179
Mujeres,Total,Española,2016,41.233
Mujeres,Total,Española,2015,25.245
Mujeres,Total,Española,2014,21.446
Mujeres,Total,Española,2013,19.356
Mujeres,Total,País de la UE28 sin España,2023,
Mujeres,Total,País de la UE28 sin España,2022,
Mujeres,Total,País de la UE28 sin España,2021,
Mujeres,Total,País de la UE28 sin España,2020,
Mujeres,Total,País de la UE28 sin España,2019,4.489
Mujeres,Total,País de la UE28 sin España,2018,4.59
Mujeres,Total,País de la UE28 sin España,2017,4.31
Mujeres,Total,País de la UE28 sin España,2016,4.103
Mujeres,Total,País de la UE28 sin España,2015,2.437
Mujeres,Total,País de la UE28 sin España,2014,2.04
Mujeres,Total,País de la UE28 sin España,2013,1.931
Mujeres,Total,País de la UE27_2020 sin España,2023,3.201
Mujeres,Total,País de la UE27_2020 sin España,2022,3.452
Mujeres,Total,País de la UE27_2020 sin España,2021,3.219
Mujeres,Total,País de la UE27_2020 sin España,2020,2.824
Mujeres,Total,País de la UE27_2020 sin España,2019,
Mujeres,Total,País de la UE27_2020 sin España,2018,
Mujeres,Total,País de la UE27_2020 sin España,2017,
Mujeres,Total,País de la UE27_2020 sin España,2016,
Mujeres,Total,País de la UE27_2020 sin España,2015,
Mujeres,Total,País de la UE27_2020 sin España,2014,
Mujeres,Total,País de la UE27_2020 sin España,2013,
Mujeres,Total,País de Europa menos UE28,2023,
Mujeres,Total,País de Europa menos UE28,2022,
Mujeres,Total,País de Europa menos UE28,2021,
Mujeres,Total,País de Europa menos UE28,2020,
Mujeres,Total,País de Europa menos UE28,2019,1.151
Mujeres,Total,País de Europa menos UE28,2018,947.0
Mujeres,Total,País de Europa menos UE28,2017,895.0
Mujeres,Total,País de Europa menos UE28,2016,757.0
Mujeres,Total,País de Europa menos UE28,2015,462.0
Mujeres,Total,País de Europa menos UE28,2014,339.0
Mujeres,Total,País de Europa menos UE28,2013,286.0
Mujeres,Total,País de Europa menos UE27_2020,2023,1.122
Mujeres,Total,País de Europa menos UE27_2020,2022,1.102
Mujeres,Total,País de Europa menos UE27_2020,2021,1.043
Mujeres,Total,País de Europa menos UE27_2020,2020,879.0
Mujeres,Total,País de Europa menos UE27_2020,2019,
Mujeres,Total,País de Europa menos UE27_2020,2018,
Mujeres,Total,País de Europa menos UE27_2020,2017,
Mujeres,Total,País de Europa menos UE27_2020,2016,
Mujeres,Total,País de Europa menos UE27_2020,2015,
Mujeres,Total,País de Europa menos UE27_2020,2014,
Mujeres,Total,País de Europa menos UE27_2020,2013,
Mujeres,Total,De Africa,2023,1.71
Mujeres,Total,De Africa,2022,1.818
Mujeres,Total,De Africa,2021,1.723
Mujeres,Total,De Africa,2020,1.435
Mujeres,Total,De Africa,2019,2.134
Mujeres,Total,De Africa,2018,2.128
Mujeres,Total,De Africa,2017,2.145
Mujeres,Total,De Africa,2016,1.835
Mujeres,Total,De Africa,2015,1.073
Mujeres,Total,De Africa,2014,892.0
Mujeres,Total,De Africa,2013,799.0
Mujeres,Total,De América,2023,5.937
Mujeres,Total,De América,2022,5.403
Mujeres,Total,De América,2021,5.042
Mujeres,Total,De América,2020,4.051
Mujeres,Total,De América,2019,5.071
Mujeres,Total,De América,2018,4.754
Mujeres,Total,De América,2017,4.684
Mujeres,Total,De América,2016,4.029
Mujeres,Total,De América,2015,2.596
Mujeres,Total,De América,2014,2.39
Mujeres,Total,De América,2013,2.654
Mujeres,Total,De Asia,2023,360.0
Mujeres,Total,De Asia,2022,417.0
Mujeres,Total,De Asia,2021,365.0
Mujeres,Total,De Asia,2020,231.0
Mujeres,Total,De Asia,2019,387.0
Mujeres,Total,De Asia,2018,355.0
Mujeres,Total,De Asia,2017,367.0
Mujeres,Total,De Asia,2016,284.0
Mujeres,Total,De Asia,2015,170.0
Mujeres,Total,De Asia,2014,109.0
Mujeres,Total,De Asia,2013,143.0
Mujeres,Total,De Oceanía,2023,5.0
Mujeres,Total,De Oceanía,2022,1.0
Mujeres,Total,De Oceanía,2021,0.0
Mujeres,Total,De Oceanía,2020,1.0
Mujeres,Total,De Oceanía,2019,6.0
Mujeres,Total,De Oceanía,2018,3.0
Mujeres,Total,De Oceanía,2017,3.0
Mujeres,Total,De Oceanía,2016,5.0
Mujeres,Total,De Oceanía,2015,3.0
Mujeres,Total,De Oceanía,2014,3.0
Mujeres,Total,De Oceanía,2013,11.0
Mujeres,Condenados con un delito,Total,2023,44.424
Mujeres,Condenados con un delito,Total,2022,48.648
Mujeres,Condenados con un delito,Total,2021,43.678
Mujeres,Condenados con un delito,Total,2020,35.296
Mujeres,Condenados con un delito,Total,2019,47.973
Mujeres,Condenados con un delito,Total,2018,48.748
Mujeres,Condenados con un delito,Total,2017,49.561
Mujeres,Condenados con un delito,Total,2016,43.944
Mujeres,Condenados con un delito,Total,2015,27.546
Mujeres,Condenados con un delito,Total,2014,23.642
Mujeres,Condenados con un delito,Total,2013,22.222
Mujeres,Condenados con un delito,Española,2023,34.123
Mujeres,Condenados con un delito,Española,2022,38.456
Mujeres,Condenados con un delito,Española,2021,34.367
Mujeres,Condenados con un delito,Española,2020,27.568
Mujeres,Condenados con un delito,Española,2019,37.238
Mujeres,Condenados con un delito,Española,2018,38.252
Mujeres,Condenados con un delito,Española,2017,39.233
Mujeres,Condenados con un delito,Española,2016,34.655
Mujeres,Condenados con un delito,Española,2015,21.768
Mujeres,Condenados con un delito,Española,2014,18.554
Mujeres,Condenados con un delito,Española,2013,17.04
Mujeres,Condenados con un delito,País de la UE28 sin España,2023,
Mujeres,Condenados con un delito,País de la UE28 sin España,2022,
Mujeres,Condenados con un delito,País de la UE28 sin España,2021,
Mujeres,Condenados con un delito,País de la UE28 sin España,2020,
Mujeres,Condenados con un delito,País de la UE28 sin España,2019,3.489
Mujeres,Condenados con un delito,País de la UE28 sin España,2018,3.596
Mujeres,Condenados con un delito,País de la UE28 sin España,2017,3.438
Mujeres,Condenados con un delito,País de la UE28 sin España,2016,3.323
Mujeres,Condenados con un delito,País de la UE28 sin España,2015,2.08
Mujeres,Condenados con un delito,País de la UE28 sin España,2014,1.804
Mujeres,Condenados con un delito,País de la UE28 sin España,2013,1.714
Mujeres,Condenados con un delito,País de la UE27_2020 sin España,2023,2.657
Mujeres,Condenados con un delito,País de la UE27_2020 sin España,2022,2.859
Mujeres,Condenados con un delito,País de la UE27_2020 sin España,2021,2.62
Mujeres,Condenados con un delito,País de la UE27_2020 sin España,2020,2.306
Mujeres,Condenados con un delito,País de la UE27_2020 sin España,2019,
Mujeres,Condenados con un delito,País de la UE27_2020 sin España,2018,
Mujeres,Condenados con un delito,País de la UE27_2020 sin España,2017,
Mujeres,Condenados con un delito,País de la UE27_2020 sin España,2016,
Mujeres,Condenados con un delito,País de la UE27_2020 sin España,2015,
Mujeres,Condenados con un delito,País de la UE27_2020 sin España,2014,
Mujeres,Condenados con un delito,País de la UE27_2020 sin España,2013,
Mujeres,Condenados con un delito,País de Europa menos UE28,2023,
Mujeres,Condenados con un delito,País de Europa menos UE28,2022,
Mujeres,Condenados con un delito,País de Europa menos UE28,2021,
Mujeres,Condenados con un delito,País de Europa menos UE28,2020,
Mujeres,Condenados con un delito,País de Europa menos UE28,2019,859.0
Mujeres,Condenados con un delito,País de Europa menos UE28,2018,747.0
Mujeres,Condenados con un delito,País de Europa menos UE28,2017,693.0
Mujeres,Condenados con un delito,País de Europa menos UE28,2016,587.0
Mujeres,Condenados con un delito,País de Europa menos UE28,2015,363.0
Mujeres,Condenados con un delito,País de Europa menos UE28,2014,298.0
Mujeres,Condenados con un delito,País de Europa menos UE28,2013,233.0
Mujeres,Condenados con un delito,País de Europa menos UE27_2020,2023,888.0
Mujeres,Condenados con un delito,País de Europa menos UE27_2020,2022,877.0
Mujeres,Condenados con un delito,País de Europa menos UE27_2020,2021,816.0
Mujeres,Condenados con un delito,País de Europa menos UE27_2020,2020,680.0
Mujeres,Condenados con un delito,País de Europa menos UE27_2020,2019,
Mujeres,Condenados con un delito,País de Europa menos UE27_2020,2018,
Mujeres,Condenados con un delito,País de Europa menos UE27_2020,2017,
Mujeres,Condenados con un delito,País de Europa menos UE27_2020,2016,
Mujeres,Condenados con un delito,País de Europa menos UE27_2020,2015,
Mujeres,Condenados con un delito,País de Europa menos UE27_2020,2014,
Mujeres,Condenados con un delito,País de Europa menos UE27_2020,2013,
Mujeres,Condenados con un delito,De Africa,2023,1.451
Mujeres,Condenados con un delito,De Africa,2022,1.546
Mujeres,Condenados con un delito,De Africa,2021,1.445
Mujeres,Condenados con un delito,De Africa,2020,1.216
Mujeres,Condenados con un delito,De Africa,2019,1.796
Mujeres,Condenados con un delito,De Africa,2018,1.802
Mujeres,Condenados con un delito,De Africa,2017,1.849
Mujeres,Condenados con un delito,De Africa,2016,1.631
Mujeres,Condenados con un delito,De Africa,2015,944.0
Mujeres,Condenados con un delito,De Africa,2014,803.0
Mujeres,Condenados con un delito,De Africa,2013,728.0
Mujeres,Condenados con un delito,De América,2023,4.979
Mujeres,Condenados con un delito,De América,2022,4.561
Mujeres,Condenados con un delito,De América,2021,4.117
Mujeres,Condenados con un delito,De América,2020,3.327
Mujeres,Condenados con un delito,De América,2019,4.24
Mujeres,Condenados con un delito,De América,2018,4.046
Mujeres,Condenados con un delito,De América,2017,4.016
Mujeres,Condenados con un delito,De América,2016,3.482
Mujeres,Condenados con un delito,De América,2015,2.235
Mujeres,Condenados con un delito,De América,2014,2.08
Mujeres,Condenados con un delito,De América,2013,2.367
Mujeres,Condenados con un delito,De Asia,2023,321.0
Mujeres,Condenados con un delito,De Asia,2022,348.0
Mujeres,Condenados con un delito,De Asia,2021,313.0
Mujeres,Condenados con un delito,De Asia,2020,198.0
Mujeres,Condenados con un delito,De Asia,2019,346.0
Mujeres,Condenados con un delito,De Asia,2018,302.0
Mujeres,Condenados con un delito,De Asia,2017,329.0
Mujeres,Condenados con un delito,De Asia,2016,262.0
Mujeres,Condenados con un delito,De Asia,2015,154.0
Mujeres,Condenados con un delito,De Asia,2014,100.0
Mujeres,Condenados con un delito,De Asia,2013,130.0
Mujeres,Condenados con un delito,De Oceanía,2023,5.0
Mujeres,Condenados con un delito,De Oceanía,2022,1.0
Mujeres,Condenados con un delito,De Oceanía,2021,0.0
Mujeres,Condenados con un delito,De Oceanía,2020,1.0
Mujeres,Condenados con un delito,De Oceanía,2019,5.0
Mujeres,Condenados con un delito,De Oceanía,2018,3.0
Mujeres,Condenados con un delito,De Oceanía,2017,3.0
Mujeres,Condenados con un delito,De Oceanía,2016,4.0
Mujeres,Condenados con un delito,De Oceanía,2015,2.0
Mujeres,Condenados con un delito,De Oceanía,2014,3.0
Mujeres,Condenados con un delito,De Oceanía,2013,10.0
Mujeres,Condenados con dos delitos,Total,2023,6.944
Mujeres,Condenados con dos delitos,Total,2022,7.336
Mujeres,Condenados con dos delitos,Total,2021,7.121
Mujeres,Condenados con dos delitos,Total,2020,5.477
Mujeres,Condenados con dos delitos,Total,2019,7.499
Mujeres,Condenados con dos delitos,Total,2018,7.089
Mujeres,Condenados con dos delitos,Total,2017,6.813
Mujeres,Condenados con dos delitos,Total,2016,5.733
Mujeres,Condenados con dos delitos,Total,2015,3.448
Mujeres,Condenados con dos delitos,Total,2014,2.806
Mujeres,Condenados con dos delitos,Total,2013,2.371
Mujeres,Condenados con dos delitos,Española,2023,5.51
Mujeres,Condenados con dos delitos,Española,2022,5.847
Mujeres,Condenados con dos delitos,Española,2021,5.745
Mujeres,Condenados con dos delitos,Española,2020,4.323
Mujeres,Condenados con dos delitos,Española,2019,5.906
Mujeres,Condenados con dos delitos,Española,2018,5.631
Mujeres,Condenados con dos delitos,Española,2017,5.452
Mujeres,Condenados con dos delitos,Española,2016,4.577
Mujeres,Condenados con dos delitos,Española,2015,2.723
Mujeres,Condenados con dos delitos,Española,2014,2.261
Mujeres,Condenados con dos delitos,Española,2013,1.84
Mujeres,Condenados con dos delitos,País de la UE28 sin España,2023,
Mujeres,Condenados con dos delitos,País de la UE28 sin España,2022,
Mujeres,Condenados con dos delitos,País de la UE28 sin España,2021,
Mujeres,Condenados con dos delitos,País de la UE28 sin España,2020,
Mujeres,Condenados con dos delitos,País de la UE28 sin España,2019,558.0
Mujeres,Condenados con dos delitos,País de la UE28 sin España,2018,567.0
Mujeres,Condenados con dos delitos,País de la UE28 sin España,2017,514.0
Mujeres,Condenados con dos delitos,País de la UE28 sin España,2016,487.0
Mujeres,Condenados con dos delitos,País de la UE28 sin España,2015,268.0
Mujeres,Condenados con dos delitos,País de la UE28 sin España,2014,185.0
Mujeres,Condenados con dos delitos,País de la UE28 sin España,2013,176.0
Mujeres,Condenados con dos delitos,País de la UE27_2020 sin España,2023,397.0
Mujeres,Condenados con dos delitos,País de la UE27_2020 sin España,2022,443.0
Mujeres,Condenados con dos delitos,País de la UE27_2020 sin España,2021,410.0
Mujeres,Condenados con dos delitos,País de la UE27_2020 sin España,2020,349.0
Mujeres,Condenados con dos delitos,País de la UE27_2020 sin España,2019,
Mujeres,Condenados con dos delitos,País de la UE27_2020 sin España,2018,
Mujeres,Condenados con dos delitos,País de la UE27_2020 sin España,2017,
Mujeres,Condenados con dos delitos,País de la UE27_2020 sin España,2016,
Mujeres,Condenados con dos delitos,País de la UE27_2020 sin España,2015,
Mujeres,Condenados con dos delitos,País de la UE27_2020 sin España,2014,
Mujeres,Condenados con dos delitos,País de la UE27_2020 sin España,2013,
Mujeres,Condenados con dos delitos,País de Europa menos UE28,2023,
Mujeres,Condenados con dos delitos,País de Europa menos UE28,2022,
Mujeres,Condenados con dos delitos,País de Europa menos UE28,2021,
Mujeres,Condenados con dos delitos,País de Europa menos UE28,2020,
Mujeres,Condenados con dos delitos,País de Europa menos UE28,2019,136.0
Mujeres,Condenados con dos delitos,País de Europa menos UE28,2018,107.0
Mujeres,Condenados con dos delitos,País de Europa menos UE28,2017,121.0
Mujeres,Condenados con dos delitos,País de Europa menos UE28,2016,93.0
Mujeres,Condenados con dos delitos,País de Europa menos UE28,2015,62.0
Mujeres,Condenados con dos delitos,País de Europa menos UE28,2014,34.0
Mujeres,Condenados con dos delitos,País de Europa menos UE28,2013,41.0
Mujeres,Condenados con dos delitos,País de Europa menos UE27_2020,2023,157.0
Mujeres,Condenados con dos delitos,País de Europa menos UE27_2020,2022,164.0
Mujeres,Condenados con dos delitos,País de Europa menos UE27_2020,2021,160.0
Mujeres,Condenados con dos delitos,País de Europa menos UE27_2020,2020,97.0
Mujeres,Condenados con dos delitos,País de Europa menos UE27_2020,2019,
Mujeres,Condenados con dos delitos,País de Europa menos UE27_2020,2018,
Mujeres,Condenados con dos delitos,País de Europa menos UE27_2020,2017,
Mujeres,Condenados con dos delitos,País de Europa menos UE27_2020,2016,
Mujeres,Condenados con dos delitos,País de Europa menos UE27_2020,2015,
Mujeres,Condenados con dos delitos,País de Europa menos UE27_2020,2014,
Mujeres,Condenados con dos delitos,País de Europa menos UE27_2020,2013,
Mujeres,Condenados con dos delitos,De Africa,2023,176.0
Mujeres,Condenados con dos delitos,De Africa,2022,196.0
Mujeres,Condenados con dos delitos,De Africa,2021,174.0
Mujeres,Condenados con dos delitos,De Africa,2020,154.0
Mujeres,Condenados con dos delitos,De Africa,2019,258.0
Mujeres,Condenados con dos delitos,De Africa,2018,232.0
Mujeres,Condenados con dos delitos,De Africa,2017,213.0
Mujeres,Condenados con dos delitos,De Africa,2016,139.0
Mujeres,Condenados con dos delitos,De Africa,2015,101.0
Mujeres,Condenados con dos delitos,De Africa,2014,69.0
Mujeres,Condenados con dos delitos,De Africa,2013,60.0
Mujeres,Condenados con dos delitos,De América,2023,670.0
Mujeres,Condenados con dos delitos,De América,2022,627.0
Mujeres,Condenados con dos delitos,De América,2021,601.0
Mujeres,Condenados con dos delitos,De América,2020,530.0
Mujeres,Condenados con dos delitos,De América,2019,608.0
Mujeres,Condenados con dos delitos,De América,2018,505.0
Mujeres,Condenados con dos delitos,De América,2017,486.0
Mujeres,Condenados con dos delitos,De América,2016,420.0
Mujeres,Condenados con dos delitos,De América,2015,278.0
Mujeres,Condenados con dos delitos,De América,2014,249.0
Mujeres,Condenados con dos delitos,De América,2013,241.0
Mujeres,Condenados con dos delitos,De Asia,2023,34.0
Mujeres,Condenados con dos delitos,De Asia,2022,59.0
Mujeres,Condenados con dos delitos,De Asia,2021,31.0
Mujeres,Condenados con dos delitos,De Asia,2020,24.0
Mujeres,Condenados con dos delitos,De Asia,2019,32.0
Mujeres,Condenados con dos delitos,De Asia,2018,47.0
Mujeres,Condenados con dos delitos,De Asia,2017,27.0
Mujeres,Condenados con dos delitos,De Asia,2016,17.0
Mujeres,Condenados con dos delitos,De Asia,2015,15.0
Mujeres,Condenados con dos delitos,De Asia,2014,8.0
Mujeres,Condenados con dos delitos,De Asia,2013,12.0
Mujeres,Condenados con dos delitos,De Oceanía,2023,0.0
Mujeres,Condenados con dos delitos,De Oceanía,2022,0.0
Mujeres,Condenados con dos delitos,De Oceanía,2021,0.0
Mujeres,Condenados con dos delitos,De Oceanía,2020,0.0
Mujeres,Condenados con dos delitos,De Oceanía,2019,1.0
Mujeres,Condenados con dos delitos,De Oceanía,2018,0.0
Mujeres,Condenados con dos delitos,De Oceanía,2017,0.0
Mujeres,Condenados con dos delitos,De Oceanía,2016,0.0
Mujeres,Condenados con dos delitos,De Oceanía,2015,1.0
Mujeres,Condenados con dos delitos,De Oceanía,2014,0.0
Mujeres,Condenados con dos delitos,De Oceanía,2013,1.0
Mujeres,Condenados con tres delitos,Total,2023,1.754
Mujeres,Condenados con tres delitos,Total,2022,1.629
Mujeres,Condenados con tres delitos,Total,2021,1.971
Mujeres,Condenados con tres delitos,Total,2020,1.321
Mujeres,Condenados con tres delitos,Total,2019,1.833
Mujeres,Condenados con tres delitos,Total,2018,1.758
Mujeres,Condenados con tres delitos,Total,2017,1.681
Mujeres,Condenados con tres delitos,Total,2016,1.375
Mujeres,Condenados con tres delitos,Total,2015,620.0
Mujeres,Condenados con tres delitos,Total,2014,525.0
Mujeres,Condenados con tres delitos,Total,2013,406.0
Mujeres,Condenados con tres delitos,Española,2023,1.391
Mujeres,Condenados con tres delitos,Española,2022,1.315
Mujeres,Condenados con tres delitos,Española,2021,1.555
Mujeres,Condenados con tres delitos,Española,2020,1.021
Mujeres,Condenados con tres delitos,Española,2019,1.422
Mujeres,Condenados con tres delitos,Española,2018,1.387
Mujeres,Condenados con tres delitos,Española,2017,1.308
Mujeres,Condenados con tres delitos,Española,2016,1.084
Mujeres,Condenados con tres delitos,Española,2015,481.0
Mujeres,Condenados con tres delitos,Española,2014,421.0
Mujeres,Condenados con tres delitos,Española,2013,320.0
Mujeres,Condenados con tres delitos,País de la UE28 sin España,2023,
Mujeres,Condenados con tres delitos,País de la UE28 sin España,2022,
Mujeres,Condenados con tres delitos,País de la UE28 sin España,2021,
Mujeres,Condenados con tres delitos,País de la UE28 sin España,2020,
Mujeres,Condenados con tres delitos,País de la UE28 sin España,2019,204.0
Mujeres,Condenados con tres delitos,País de la UE28 sin España,2018,166.0
Mujeres,Condenados con tres delitos,País de la UE28 sin España,2017,164.0
Mujeres,Condenados con tres delitos,País de la UE28 sin España,2016,143.0
Mujeres,Condenados con tres delitos,País de la UE28 sin España,2015,49.0
Mujeres,Condenados con tres delitos,País de la UE28 sin España,2014,40.0
Mujeres,Condenados con tres delitos,País de la UE28 sin España,2013,35.0
Mujeres,Condenados con tres delitos,País de la UE27_2020 sin España,2023,92.0
Mujeres,Condenados con tres delitos,País de la UE27_2020 sin España,2022,89.0
Mujeres,Condenados con tres delitos,País de la UE27_2020 sin España,2021,112.0
Mujeres,Condenados con tres delitos,País de la UE27_2020 sin España,2020,88.0
Mujeres,Condenados con tres delitos,País de la UE27_2020 sin España,2019,
Mujeres,Condenados con tres delitos,País de la UE27_2020 sin España,2018,
Mujeres,Condenados con tres delitos,País de la UE27_2020 sin España,2017,
Mujeres,Condenados con tres delitos,País de la UE27_2020 sin España,2016,
Mujeres,Condenados con tres delitos,País de la UE27_2020 sin España,2015,
Mujeres,Condenados con tres delitos,País de la UE27_2020 sin España,2014,
Mujeres,Condenados con tres delitos,País de la UE27_2020 sin España,2013,
Mujeres,Condenados con tres delitos,País de Europa menos UE28,2023,
Mujeres,Condenados con tres delitos,País de Europa menos UE28,2022,
Mujeres,Condenados con tres delitos,País de Europa menos UE28,2021,
Mujeres,Condenados con tres delitos,País de Europa menos UE28,2020,
Mujeres,Condenados con tres delitos,País de Europa menos UE28,2019,39.0
Mujeres,Condenados con tres delitos,País de Europa menos UE28,2018,35.0
Mujeres,Condenados con tres delitos,País de Europa menos UE28,2017,39.0
Mujeres,Condenados con tres delitos,País de Europa menos UE28,2016,22.0
Mujeres,Condenados con tres delitos,País de Europa menos UE28,2015,15.0
Mujeres,Condenados con tres delitos,País de Europa menos UE28,2014,5.0
Mujeres,Condenados con tres delitos,País de Europa menos UE28,2013,9.0
Mujeres,Condenados con tres delitos,País de Europa menos UE27_2020,2023,34.0
Mujeres,Condenados con tres delitos,País de Europa menos UE27_2020,2022,41.0
Mujeres,Condenados con tres delitos,País de Europa menos UE27_2020,2021,41.0
Mujeres,Condenados con tres delitos,País de Europa menos UE27_2020,2020,47.0
Mujeres,Condenados con tres delitos,País de Europa menos UE27_2020,2019,
Mujeres,Condenados con tres delitos,País de Europa menos UE27_2020,2018,
Mujeres,Condenados con tres delitos,País de Europa menos UE27_2020,2017,
Mujeres,Condenados con tres delitos,País de Europa menos UE27_2020,2016,
Mujeres,Condenados con tres delitos,País de Europa menos UE27_2020,2015,
Mujeres,Condenados con tres delitos,País de Europa menos UE27_2020,2014,
Mujeres,Condenados con tres delitos,País de Europa menos UE27_2020,2013,
Mujeres,Condenados con tres delitos,De Africa,2023,51.0
Mujeres,Condenados con tres delitos,De Africa,2022,44.0
Mujeres,Condenados con tres delitos,De Africa,2021,63.0
Mujeres,Condenados con tres delitos,De Africa,2020,32.0
Mujeres,Condenados con tres delitos,De Africa,2019,39.0
Mujeres,Condenados con tres delitos,De Africa,2018,54.0
Mujeres,Condenados con tres delitos,De Africa,2017,48.0
Mujeres,Condenados con tres delitos,De Africa,2016,39.0
Mujeres,Condenados con tres delitos,De Africa,2015,15.0
Mujeres,Condenados con tres delitos,De Africa,2014,16.0
Mujeres,Condenados con tres delitos,De Africa,2013,7.0
Mujeres,Condenados con tres delitos,De América,2023,183.0
Mujeres,Condenados con tres delitos,De América,2022,134.0
Mujeres,Condenados con tres delitos,De América,2021,185.0
Mujeres,Condenados con tres delitos,De América,2020,126.0
Mujeres,Condenados con tres delitos,De América,2019,126.0
Mujeres,Condenados con tres delitos,De América,2018,113.0
Mujeres,Condenados con tres delitos,De América,2017,113.0
Mujeres,Condenados con tres delitos,De América,2016,83.0
Mujeres,Condenados con tres delitos,De América,2015,59.0
Mujeres,Condenados con tres delitos,De América,2014,42.0
Mujeres,Condenados con tres delitos,De América,2013,35.0
Mujeres,Condenados con tres delitos,De Asia,2023,3.0
Mujeres,Condenados con tres delitos,De Asia,2022,6.0
Mujeres,Condenados con tres delitos,De Asia,2021,15.0
Mujeres,Condenados con tres delitos,De Asia,2020,7.0
Mujeres,Condenados con tres delitos,De Asia,2019,3.0
Mujeres,Condenados con tres delitos,De Asia,2018,3.0
Mujeres,Condenados con tres delitos,De Asia,2017,9.0
Mujeres,Condenados con tres delitos,De Asia,2016,4.0
Mujeres,Condenados con tres delitos,De Asia,2015,1.0
Mujeres,Condenados con tres delitos,De Asia,2014,1.0
Mujeres,Condenados con tres delitos,De Asia,2013,0.0
Mujeres,Condenados con tres delitos,De Oceanía,2023,0.0
Mujeres,Condenados con tres delitos,De Oceanía,2022,0.0
Mujeres,Condenados con tres delitos,De Oceanía,2021,0.0
Mujeres,Condenados con tres delitos,De Oceanía,2020,0.0
Mujeres,Condenados con tres delitos,De Oceanía,2019,0.0
Mujeres,Condenados con tres delitos,De Oceanía,2018,0.0
Mujeres,Condenados con tres delitos,De Oceanía,2017,0.0
Mujeres,Condenados con tres delitos,De Oceanía,2016,0.0
Mujeres,Condenados con tres delitos,De Oceanía,2015,0.0
Mujeres,Condenados con tres delitos,De Oceanía,2014,0.0
Mujeres,Condenados con tres delitos,De Oceanía,2013,0.0
Mujeres,Condenados con cuatro o más delitos,Total,2023,1.253
Mujeres,Condenados con cuatro o más delitos,Total,2022,1.15
Mujeres,Condenados con cuatro o más delitos,Total,2021,1.651
Mujeres,Condenados con cuatro o más delitos,Total,2020,1.087
Mujeres,Condenados con cuatro o más delitos,Total,2019,1.904
Mujeres,Condenados con cuatro o más delitos,Total,2018,1.831
Mujeres,Condenados con cuatro o más delitos,Total,2017,1.528
Mujeres,Condenados con cuatro o más delitos,Total,2016,1.194
Mujeres,Condenados con cuatro o más delitos,Total,2015,372.0
Mujeres,Condenados con cuatro o más delitos,Total,2014,246.0
Mujeres,Condenados con cuatro o más delitos,Total,2013,181.0
Mujeres,Condenados con cuatro o más delitos,Española,2023,1.016
Mujeres,Condenados con cuatro o más delitos,Española,2022,952.0
Mujeres,Condenados con cuatro o más delitos,Española,2021,1.362
Mujeres,Condenados con cuatro o más delitos,Española,2020,848.0
Mujeres,Condenados con cuatro o más delitos,Española,2019,1.405
Mujeres,Condenados con cuatro o más delitos,Española,2018,1.379
Mujeres,Condenados con cuatro o más delitos,Española,2017,1.186
Mujeres,Condenados con cuatro o más delitos,Española,2016,917.0
Mujeres,Condenados con cuatro o más delitos,Española,2015,273.0
Mujeres,Condenados con cuatro o más delitos,Española,2014,210.0
Mujeres,Condenados con cuatro o más delitos,Española,2013,156.0
Mujeres,Condenados con cuatro o más delitos,País de la UE28 sin España,2023,
Mujeres,Condenados con cuatro o más delitos,País de la UE28 sin España,2022,
Mujeres,Condenados con cuatro o más delitos,País de la UE28 sin España,2021,
Mujeres,Condenados con cuatro o más delitos,País de la UE28 sin España,2020,
Mujeres,Condenados con cuatro o más delitos,País de la UE28 sin España,2019,238.0
Mujeres,Condenados con cuatro o más delitos,País de la UE28 sin España,2018,261.0
Mujeres,Condenados con cuatro o más delitos,País de la UE28 sin España,2017,194.0
Mujeres,Condenados con cuatro o más delitos,País de la UE28 sin España,2016,150.0
Mujeres,Condenados con cuatro o más delitos,País de la UE28 sin España,2015,40.0
Mujeres,Condenados con cuatro o más delitos,País de la UE28 sin España,2014,11.0
Mujeres,Condenados con cuatro o más delitos,País de la UE28 sin España,2013,6.0
Mujeres,Condenados con cuatro o más delitos,País de la UE27_2020 sin España,2023,55.0
Mujeres,Condenados con cuatro o más delitos,País de la UE27_2020 sin España,2022,61.0
Mujeres,Condenados con cuatro o más delitos,País de la UE27_2020 sin España,2021,77.0
Mujeres,Condenados con cuatro o más delitos,País de la UE27_2020 sin España,2020,81.0
Mujeres,Condenados con cuatro o más delitos,País de la UE27_2020 sin España,2019,
Mujeres,Condenados con cuatro o más delitos,País de la UE27_2020 sin España,2018,
Mujeres,Condenados con cuatro o más delitos,País de la UE27_2020 sin España,2017,
Mujeres,Condenados con cuatro o más delitos,País de la UE27_2020 sin España,2016,
Mujeres,Condenados con cuatro o más delitos,País de la UE27_2020 sin España,2015,
Mujeres,Condenados con cuatro o más delitos,País de la UE27_2020 sin España,2014,
Mujeres,Condenados con cuatro o más delitos,País de la UE27_2020 sin España,2013,
Mujeres,Condenados con cuatro o más delitos,País de Europa menos UE28,2023,
Mujeres,Condenados con cuatro o más delitos,País de Europa menos UE28,2022,
Mujeres,Condenados con cuatro o más delitos,País de Europa menos UE28,2021,
Mujeres,Condenados con cuatro o más delitos,País de Europa menos UE28,2020,
Mujeres,Condenados con cuatro o más delitos,País de Europa menos UE28,2019,117.0
Mujeres,Condenados con cuatro o más delitos,País de Europa menos UE28,2018,58.0
Mujeres,Condenados con cuatro o más delitos,País de Europa menos UE28,2017,42.0
Mujeres,Condenados con cuatro o más delitos,País de Europa menos UE28,2016,55.0
Mujeres,Condenados con cuatro o más delitos,País de Europa menos UE28,2015,22.0
Mujeres,Condenados con cuatro o más delitos,País de Europa menos UE28,2014,2.0
Mujeres,Condenados con cuatro o más delitos,País de Europa menos UE28,2013,3.0
Mujeres,Condenados con cuatro o más delitos,País de Europa menos UE27_2020,2023,43.0
Mujeres,Condenados con cuatro o más delitos,País de Europa menos UE27_2020,2022,20.0
Mujeres,Condenados con cuatro o más delitos,País de Europa menos UE27_2020,2021,26.0
Mujeres,Condenados con cuatro o más delitos,País de Europa menos UE27_2020,2020,55.0
Mujeres,Condenados con cuatro o más delitos,País de Europa menos UE27_2020,2019,
Mujeres,Condenados con cuatro o más delitos,País de Europa menos UE27_2020,2018,
Mujeres,Condenados con cuatro o más delitos,País de Europa menos UE27_2020,2017,
Mujeres,Condenados con cuatro o más delitos,País de Europa menos UE27_2020,2016,
Mujeres,Condenados con cuatro o más delitos,País de Europa menos UE27_2020,2015,
Mujeres,Condenados con cuatro o más delitos,País de Europa menos UE27_2020,2014,
Mujeres,Condenados con cuatro o más delitos,País de Europa menos UE27_2020,2013,
Mujeres,Condenados con cuatro o más delitos,De Africa,2023,32.0
Mujeres,Condenados con cuatro o más delitos,De Africa,2022,32.0
Mujeres,Condenados con cuatro o más delitos,De Africa,2021,41.0
Mujeres,Condenados con cuatro o más delitos,De Africa,2020,33.0
Mujeres,Condenados con cuatro o más delitos,De Africa,2019,41.0
Mujeres,Condenados con cuatro o más delitos,De Africa,2018,40.0
Mujeres,Condenados con cuatro o más delitos,De Africa,2017,35.0
Mujeres,Condenados con cuatro o más delitos,De Africa,2016,26.0
Mujeres,Condenados con cuatro o más delitos,De Africa,2015,13.0
Mujeres,Condenados con cuatro o más delitos,De Africa,2014,4.0
Mujeres,Condenados con cuatro o más delitos,De Africa,2013,4.0
Mujeres,Condenados con cuatro o más delitos,De América,2023,105.0
Mujeres,Condenados con cuatro o más delitos,De América,2022,81.0
Mujeres,Condenados con cuatro o más delitos,De América,2021,139.0
Mujeres,Condenados con cuatro o más delitos,De América,2020,68.0
Mujeres,Condenados con cuatro o más delitos,De América,2019,97.0
Mujeres,Condenados con cuatro o más delitos,De América,2018,90.0
Mujeres,Condenados con cuatro o más delitos,De América,2017,69.0
Mujeres,Condenados con cuatro o más delitos,De América,2016,44.0
Mujeres,Condenados con cuatro o más delitos,De América,2015,24.0
Mujeres,Condenados con cuatro o más delitos,De América,2014,19.0
Mujeres,Condenados con cuatro o más delitos,De América,2013,11.0
Mujeres,Condenados con cuatro o más delitos,De Asia,2023,2.0
Mujeres,Condenados con cuatro o más delitos,De Asia,2022,4.0
Mujeres,Condenados con cuatro o más delitos,De Asia,2021,6.0
Mujeres,Condenados con cuatro o más delitos,De Asia,2020,2.0
Mujeres,Condenados con cuatro o más delitos,De Asia,2019,6.0
Mujeres,Condenados con cuatro o más delitos,De Asia,2018,3.0
Mujeres,Condenados con cuatro o más delitos,De Asia,2017,2.0
Mujeres,Condenados con cuatro o más delitos,De Asia,2016,1.0
Mujeres,Condenados con cuatro o más delitos,De Asia,2015,0.0
Mujeres,Condenados con cuatro o más delitos,De Asia,2014,0.0
Mujeres,Condenados con cuatro o más delitos,De Asia,2013,1.0
Mujeres,Condenados con cuatro o más delitos,De Oceanía,2023,0.0
Mujeres,Condenados con cuatro o más delitos,De Oceanía,2022,0.0
Mujeres,Condenados con cuatro o más delitos,De Oceanía,2021,0.0
Mujeres,Condenados con cuatro o más delitos,De Oceanía,2020,0.0
Mujeres,Condenados con cuatro o más delitos,De Oceanía,2019,0.0
Mujeres,Condenados con cuatro o más delitos,De Oceanía,2018,0.0
Mujeres,Condenados con cuatro o más delitos,De Oceanía,2017,0.0
Mujeres,Condenados con cuatro o más delitos,De Oceanía,2016,1.0
Mujeres,Condenados con cuatro o más delitos,De Oceanía,2015,0.0
Mujeres,Condenados con cuatro o más delitos,De Oceanía,2014,0.0
Mujeres,Condenados con cuatro o más delitos,De Oceanía,2013,0.0
